-1.570795059,0.7853975296,0.5246455669,-0.5246455669,0.3926987648,0.5246455669,1.570795059,0,0,0,0,0,0,0,53.69539642,-22.76355553,4.552340031,-4.533868313,-0.2295887917,-0.3969134986,-0.1408958584
-1.570795059,0.7853975296,0.5246455669,-0.5246455669,0.3926987648,0.5246455669,1.570795059,0.6701413393,-0.1860376596,-1.863991499,0.03194261342,0.7627454996,-0.5975404978,0.02992477641,51.14578247,-22.959692,10.12753296,-0.9738688469,-1.1940552,1.726758838,-0.4637144804
-1.560324073,0.7824906707,0.4955207109,-0.5241464376,0.4046166539,0.5153089762,1.571262598,1.073435545,-0.1812986732,-2.30091691,0.3691450357,-0.6653445959,0.7382595539,0.1448948383,46.97493362,-22.32139015,10.74294949,-1.378679872,1.49039495,-0.8049279451,0.1057484671
-1.543551683,0.7796579003,0.4595688879,-0.5183785558,0.3942206502,0.5268442631,1.573526621,1.379637599,-0.2755622864,-2.778308868,0.2721597552,0.3137983084,-0.3974208832,-0.06913587451,42.71881866,-20.29594803,12.59070206,0.169491902,0.2259029597,1.361742496,-0.1602175832
-1.521994829,0.7753522396,0.4161578119,-0.5141260624,0.3991237581,0.520634532,1.572446346,1.527182817,-0.2472636104,-2.449953556,0.4160894752,-0.550778091,0.4387877584,0.05248607695,38.86352158,-19.02033234,11.52980328,-0.6876891851,1.471506476,-0.0009175922023,0.1214033589
-1.498132586,0.7714887261,0.377877295,-0.5076246858,0.3905178607,0.5274906158,1.573266387,1.648416519,-0.2997294962,-2.296250343,0.2967109978,-0.07662475109,-0.07148247957,-0.03874056786,35.20231247,-17.29834175,11.26463032,-0.398167938,0.9269160628,0.7921527028,0.02402994223
-1.472376108,0.76680547,0.3419983983,-0.5029885769,0.389320612,0.5263736844,1.572661042,1.71115613,-0.3220144212,-1.892582178,0.2492733002,-0.2644057274,0.1331752539,0.001085344702,31.84521103,-15.80984783,10.28416729,-0.5391851068,1.141738772,0.4810646474,0.08294177055
-1.445639253,0.7617740035,0.3124268055,-0.4990936816,0.385189265,0.5284545422,1.57267797,1.763259888,-0.3636063337,-1.52968955,0.1428393126,-0.1616838574,0.04321500659,-0.0163740702,28.62624168,-14.33100605,9.352696419,-0.5393102765,0.9903455973,0.577634871,0.06954018772
-1.418088317,0.7560926676,0.2885254025,-0.4968618155,0.3826629519,0.5291298032,1.572422147,1.80552268,-0.4023153782,-1.159251332,0.04582697898,-0.1461226642,0.05251218751,-0.01046134531,25.61301613,-12.91693592,8.410589218,-0.4327692091,0.9205544591,0.5225647688,0.06756281108
-1.389877081,0.7498064637,0.2704120874,-0.4961457551,0.380379796,0.5299503207,1.572258711,1.846872687,-0.436396569,-0.8193962574,-0.04125853628,-0.1155792028,0.04203914851,-0.01114636753,22.73480797,-11.59455109,7.470545769,-0.3258135319,0.8215361834,0.4869122505,0.06015413627
-1.361019731,0.742987752,0.2576090097,-0.4967904091,0.3785738647,0.5306071639,1.572084546,1.890550375,-0.4619926214,-0.5222035646,-0.1097098663,-0.08913707733,0.03555540368,-0.00994375255,20.00424385,-10.36911678,6.561810493,-0.1947141439,0.7199792266,0.4400283992,0.05062946677
-1.331479907,0.735769093,0.2494495809,-0.4985046387,0.3771811128,0.5311627388,1.571929216,1.938223004,-0.4765288234,-0.2745584846,-0.1552072167,-0.06620518863,0.02829815075,-0.008789496496,17.3997612,-9.247088432,5.70459795,-0.07588090003,0.6230433583,0.3953582346,0.04134049267
-1.301195145,0.7283233404,0.2451596111,-0.5009297729,0.3761466444,0.5316048861,1.571791887,1.989287138,-0.479062736,-0.07515637577,-0.177227959,-0.04666073248,0.02180746198,-0.007460994646,14.92622185,-8.233828545,4.901607513,0.02579075098,0.5332432985,0.3525413275,0.03289321437
-1.270112514,0.7208380103,0.2439852953,-0.503698945,0.3754175603,0.5319456458,1.571675301,2.042568922,-0.4697335958,0.08035077155,-0.1773292571,-0.03037985601,0.01534223557,-0.006182075478,12.57969952,-7.329217911,4.152210712,0.1117134094,0.4518471062,0.3126594126,0.02573088929
-1.238197327,0.7134984136,0.2452407777,-0.5064697266,0.3749428689,0.5321853757,1.571578741,2.096534729,-0.4493363202,0.1981858611,-0.1580616683,-0.01741962135,0.008404899389,-0.005055004731,10.35461044,-6.534780025,3.456139326,0.1681121439,0.3801316321,0.2790273726,0.02034631185
-1.205438972,0.7064775229,0.2483374327,-0.508939445,0.3746706843,0.5323166847,1.571499705,2.149197578,-0.4194690585,0.2858753502,-0.1236038059,-0.007169305347,0.001340887044,-0.004127595574,8.256484032,-5.841071129,2.807311773,0.2144215405,0.3163614869,0.248386696,0.01632879488
-1.171857715,0.6999233365,0.2528042495,-0.5108707547,0.3745586574,0.5323376656,1.571435213,2.19900775,-0.3815732896,0.349747777,-0.07724568248,0.0004468197003,-0.006469884422,-0.003416279564,6.271136761,-5.251458168,2.206726551,0.2267196029,0.2613081634,0.2258751839,0.01403899584
-1.13749826,0.6939612627,0.2582690716,-0.5120776892,0.3745656312,0.5322365761,1.571381807,2.243811369,-0.3378347456,0.3970861137,-0.02410701662,0.006327612791,-0.014007302,-0.002985120518,4.405581951,-4.757306099,1.648418665,0.2160367817,0.2125707567,0.2089380324,0.01295840275
-1.102438688,0.6886826158,0.2644735277,-0.5124543905,0.3746644855,0.5320177078,1.571335196,2.282035589,-0.2902635932,0.4331316948,0.03140931204,0.01103997044,-0.02119999379,-0.002739541,2.665184259,-4.341467381,1.126324534,0.2098419219,0.1677148938,0.1931844652,0.01241354924
-1.066781878,0.6841472387,0.2712412179,-0.5119636059,0.3748369813,0.5316864848,1.5712924,2.312967777,-0.2401925027,0.4606874883,0.08696518838,0.01467164978,-0.02847854607,-0.002562138718,1.036192536,-4.003945351,0.6430043578,0.1960787326,0.1270086169,0.181518659,0.01246931404
-1.030641794,0.6803942323,0.2784394622,-0.5106047988,0.3750662208,0.5312415361,1.571252346,2.335553646,-0.1892295182,0.4831620455,0.1394690275,0.01755935326,-0.03512085229,-0.002561881207,-0.4828593433,-3.737116575,0.1959420741,0.1766196787,0.08937836438,0.1731259972,0.01292447373
-0.9941487908,0.6774375439,0.2859888673,-0.5084255934,0.3753405809,0.5306927562,1.571212292,2.349098444,-0.138887167,0.5027598739,0.1861413717,0.02013386041,-0.04070675001,-0.002682057908,-1.886530161,-3.528887987,-0.2176059484,0.1671009511,0.0534343943,0.1651076227,0.01337811723
-0.9574441314,0.675267458,0.2938444912,-0.5055171251,0.3756551743,0.530056715,1.57117033,2.353601456,-0.09021475911,0.519952774,0.2255519181,0.02262470126,-0.04535186291,-0.002778710565,-3.17424655,-3.370402813,-0.5962274075,0.1732416302,0.01886628568,0.1567236632,0.01363201533
-0.9206690788,0.6738578677,0.3019687533,-0.5019928813,0.3760086894,0.5293480754,1.571126938,2.349310637,-0.04399411753,0.5348216891,0.256962806,0.0250384789,-0.04905864224,-0.002824938623,-4.357863903,-3.257654905,-0.9400909543,0.1913047433,-0.01427274197,0.148785457,0.01368599106
-0.8839610815,0.6731704473,0.3103253543,-0.497977823,0.3763999045,0.5285815597,1.57108283,2.336408854,-0.0009915456176,0.5476334095,0.2795780599,0.02739835158,-0.05147417635,-0.002887378912,-5.422569275,-3.178574324,-1.248149037,0.2328467369,-0.04605511576,0.1386615336,0.01341106743
-0.8474546671,0.6731549501,0.3188821375,-0.4936094284,0.3768280149,0.5277772546,1.571037769,2.315672159,0.03848633543,0.5575479865,0.2938165665,0.02978258766,-0.05303609371,-0.002799996408,-6.396090031,-3.131192446,-1.52257669,0.2890768647,-0.07639486343,0.128481403,0.01283482835
-0.8112722635,0.6737563014,0.3275938332,-0.4890185595,0.3772933781,0.5269485712,1.57099402,2.28743577,0.07403448224,0.5647982955,0.2996201813,0.03199170157,-0.05332244188,-0.002745989943,-7.265472889,-3.108059168,-1.76271224,0.3641221225,-0.1049451977,0.1167081743,0.01200511307
-0.7755310535,0.6749131083,0.3364188075,-0.484337002,0.3777932525,0.5261154175,1.570951104,2.252447605,0.1055195034,0.5688527226,0.2975950241,0.03413102403,-0.05261346698,-0.002600958338,-8.032087326,-3.101526737,-1.968772173,0.4583452344,-0.1315746307,0.1031992286,0.01086798403
-0.7403365374,0.6765618324,0.3453071415,-0.4796870947,0.3783265352,0.5252933502,1.570910454,2.211517811,0.1330117881,0.5693192482,0.288738668,0.0360805206,-0.0511409305,-0.00237166509,-8.714336395,-3.112533569,-2.143772125,0.5661078691,-0.156039834,0.08912502229,0.009545146488
-0.705781579,0.6786401272,0.3542027473,-0.4751755595,0.3788903058,0.5244942904,1.57087338,2.165196419,0.1565264612,0.5664102435,0.2737300396,0.03773677349,-0.04877798632,-0.002151003806,-9.304855347,-3.134313822,-2.288150311,0.6855927706,-0.1780438125,0.07405988127,0.008100978099
-0.6719503999,0.681085825,0.3630529046,-0.4708985388,0.3794799447,0.5237321258,1.570839763,2.114220858,0.176221028,0.5600684881,0.2535036206,0.03913164884,-0.04575942084,-0.001884581754,-9.809271812,-3.162678719,-2.404066324,0.8162729144,-0.1975243092,0.05799689516,0.006544928066
-0.6389157176,0.6838392615,0.3718039691,-0.466937542,0.3800913692,0.5230171084,1.570810318,2.059323788,0.1923712492,0.5503902435,0.2291769832,0.0401811786,-0.04228498787,-0.001586355735,-10.23437977,-3.195692539,-2.493875265,0.9545783997,-0.214311257,0.04138385504,0.004961781204
-0.6067388058,0.6868450642,0.3804038167,-0.4633566439,0.3807192147,0.522356391,1.570785522,2.00116396,0.2052682042,0.5376782417,0.2017774731,0.04085567594,-0.03847122565,-0.001288086176,-10.58148098,-3.229197502,-2.559508324,1.097932458,-0.2283357978,0.02429011464,0.003402746515
-0.5754706264,0.6900523901,0.3888050318,-0.4602038562,0.3813575804,0.5217552781,1.570765376,1.940424919,0.2152619362,0.5222343206,0.1723776907,0.04113636911,-0.03449597582,-0.0009767623851,-10.86464024,-3.26616025,-2.604634285,1.241303682,-0.2396911979,0.007650673389,0.00194249372
-0.5451514721,0.6934158802,0.3969649374,-0.4575104415,0.3820003271,0.5212162733,1.570750117,1.877588511,0.2225913405,0.5046635866,0.1416494995,0.04105451703,-0.03029552475,-0.0007235023659,-11.08186626,-3.298109293,-2.631334066,1.387469888,-0.2484693527,-0.00961241778,0.0005765933893
-0.5158141255,0.6968938708,0.4048503041,-0.4552971721,0.3826417923,0.5207428932,1.570738792,1.813316584,0.2276831865,0.485242933,0.1107011735,0.04060276225,-0.02619984932,-0.0004601874389,-11.24503708,-3.330653191,-2.64250493,1.527739882,-0.2548489273,-0.02584870718,-0.0006298748194
-0.4874810576,0.7004514337,0.4124322236,-0.4535674751,0.3832762241,0.5203335285,1.57073164,1.748005033,0.2307378054,0.4645799696,0.07994969189,0.0398548618,-0.02208616212,-0.0002564036695,-11.34780502,-3.358822107,-2.638626814,1.661037445,-0.2589094043,-0.04146011546,-0.001680499641
-0.4601684809,0.7040567398,0.4196912944,-0.4523182511,0.3838989437,0.5199884176,1.570727587,1.682162642,0.2320275456,0.4430490434,0.04994881153,0.03884666041,-0.01811065525,-6.493474939e-05,-11.40479088,-3.381827831,-2.623831511,1.789788365,-0.2610239387,-0.05668903142,-0.002595076337
-0.4338846803,0.7076821923,0.4266139269,-0.4515377879,0.3845059276,0.5197054148,1.570726514,1.616227865,0.2318547368,0.4209915102,0.02130902372,0.03759939969,-0.01435496658,0.0001025554229,-11.41898537,-3.40076828,-2.599315166,1.909612417,-0.2613411248,-0.07091684639,-0.00335032586
-0.4086311162,0.711304903,0.4331919253,-0.4512048364,0.3850934207,0.5194811225,1.570728064,1.550538659,0.2304252982,0.3988102376,-0.0056662485,0.03616108373,-0.01080000028,0.0002235131105,-11.39356232,-3.416102171,-2.566509724,2.01804781,-0.260084182,-0.08388452977,-0.003939247224
-0.384403944,0.7149053216,0.4394233227,-0.4512933791,0.385658443,0.5193123817,1.570731521,1.485375404,0.2278854251,0.3768604994,-0.03086287528,0.03459057957,-0.007431177422,0.0003108368546,-11.3317585,-3.424901009,-2.5270679,2.116996288,-0.2575128376,-0.09604667872,-0.004404895473
-0.3611949682,0.7184660435,0.4453117549,-0.4517756104,0.3861989081,0.5191962719,1.570736408,1.421051264,0.2244379073,0.355324626,-0.05402007699,0.03291450441,-0.00433881022,0.0003780299739,-11.2356205,-3.426837444,-2.481752634,2.205813408,-0.2537665963,-0.1072996259,-0.004755643662
-0.338991046,0.7219728827,0.4508636892,-0.4526196718,0.3867132068,0.5191285014,1.570742369,1.357845068,0.220269829,0.334351927,-0.07492920011,0.0311647784,-0.00155485305,0.0004339259758,-11.11447144,-3.423908234,-2.432566881,2.283900738,-0.249113217,-0.117411688,-0.004994960036
-0.317774713,0.7254145741,0.4560879469,-0.4537904263,0.3872001469,0.5191041827,1.570749164,1.295921445,0.2155002505,0.3141339123,-0.09357189387,0.0293850489,0.0009744057897,0.0004561628739,-10.96818829,-3.414637327,-2.379903316,2.35158205,-0.2436945885,-0.1265877932,-0.005140409339
-0.2975259423,0.7287817597,0.4609963,-0.4552524984,0.3876592815,0.5191193819,1.570756316,1.235458851,0.2102616727,0.2947598696,-0.1098931432,0.02759324387,0.003209395567,0.0004682197759,-10.81403828,-3.402066469,-2.327392817,2.408989191,-0.2379543185,-0.1345555484,-0.005199891049
-0.2782219052,0.7320671082,0.4656019211,-0.456969589,0.3880904317,0.5191695094,1.570763588,1.176468134,0.2045872808,0.276365608,-0.1240998358,0.02583095059,0.00525384862,0.0004433846334,-10.6286459,-3.381436348,-2.270434141,2.45400691,-0.2315540165,-0.1415252686,-0.005196350161
-0.2598395944,0.7352637649,0.4699201286,-0.4589086473,0.3884940445,0.519251585,1.570770502,1.119144082,0.1985937804,0.2589269876,-0.1361824423,0.02409323491,0.007003535517,0.0004335094418,-10.42999458,-3.356698513,-2.212505817,2.489894867,-0.2248518914,-0.1475386918,-0.005144999363
-0.2423529625,0.7383667827,0.4739658535,-0.4610365033,0.3888705075,0.5193610191,1.570777297,1.063546896,0.1923512518,0.2424573004,-0.1462215781,0.02241950296,0.008512679487,0.0004075396282,-10.22261524,-3.325926542,-2.154801846,2.517850637,-0.2180398703,-0.1528594345,-0.005057798699
-0.2257350385,0.7413722873,0.4777542353,-0.463321209,0.389220804,0.5194940567,1.570783615,1.009727001,0.1859431714,0.2269105315,-0.1542568952,0.02080527321,0.009760173969,0.0003869953798,-10.0054493,-3.291192055,-2.096677542,2.536944866,-0.21110259,-0.1572562903,-0.004939169623
-0.2099580467,0.7442776561,0.4812996984,-0.4657314718,0.3895458877,0.519646585,1.570789695,0.9576981664,0.1794122756,0.2122891843,-0.1604285091,0.01926079765,0.01078642718,0.0003564883373,-9.780241966,-3.253533363,-2.03834939,2.548208475,-0.2041031867,-0.1608446091,-0.004792986903
-0.1949940175,0.7470809817,0.4846167266,-0.4682381749,0.3898468316,0.5198151469,1.570795298,0.9074636698,0.172795862,0.1985764652,-0.1648700833,0.01779144816,0.01160564646,0.0003220721264,-9.550726891,-3.209396839,-1.980965376,2.549966335,-0.1972066313,-0.1634782553,-0.004629012663
-0.1808148921,0.7497808933,0.4877194762,-0.4708142579,0.3901248276,0.5199964643,1.570800304,0.8589935303,0.1661091745,0.1857233196,-0.1677964628,0.0164083913,0.01227021497,0.0002811589802,-9.309900284,-3.160556555,-1.922572851,2.541709423,-0.1902617365,-0.1651081592,-0.004448705353
-0.1673931181,0.7523763776,0.4906214178,-0.4734360874,0.390381217,0.5201882124,1.570804715,0.8122802377,0.1593622416,0.1737127304,-0.1694227606,0.01510825008,0.01279547065,0.0002359406935,-9.071861267,-3.111675501,-1.86578238,2.532078743,-0.1834709644,-0.1666522026,-0.004265182652
-0.1547012329,0.7548664212,0.4933356643,-0.4760833085,0.3906172812,0.5203881264,1.570808411,0.7673092484,0.152623266,0.1624612957,-0.1697142273,0.01389401592,0.01310777571,0.0002043503482,-8.834316254,-3.060019732,-1.810377955,2.516708612,-0.1768894196,-0.1675385684,-0.004084033892
-0.1427120268,0.7572511435,0.4958741367,-0.4787350893,0.3908343613,0.5205929279,1.570811629,0.7240352035,0.145904839,0.1518948376,-0.168815732,0.01277588587,0.01328197215,0.0001755130797,-8.594000816,-3.005078793,-1.755406737,2.494882822,-0.170456931,-0.1677569449,-0.003907559905
-0.1313989758,0.7595309019,0.4982475042,-0.4813728333,0.3910339773,0.5208004713,1.570814371,0.6824163795,0.1392177343,0.1419848204,-0.1668845266,0.01172165293,0.01333625615,0.0001477990445,-8.351960182,-2.947116137,-1.701016068,2.467428684,-0.1641574055,-0.1674006879,-0.003730503144
-0.120736219,0.7617061734,0.5004659891,-0.4839804173,0.3912171423,0.5210088491,1.570816636,0.6424146891,0.1325751692,0.1326795369,-0.1640527695,0.01074121241,0.01328502875,0.000120946781,-8.108979225,-2.886208057,-1.64731288,2.43460393,-0.1580265164,-0.1664912552,-0.00355855166
-0.1106984913,0.7637776732,0.5025390983,-0.4865437448,0.3913849592,0.5212164521,1.570818543,0.6039876342,0.1259861737,0.1239290386,-0.160454452,0.00982799381,0.01314516086,9.577597666e-05,-7.864777565,-2.822713375,-1.594003081,2.397129774,-0.1520133466,-0.1651110351,-0.003388420912
-0.1012611836,0.7657462358,0.5044754744,-0.4890508354,0.3915385306,0.5214218497,1.570820093,0.5670963526,0.1194666401,0.1157003939,-0.1561935991,0.008983079344,0.01292056404,7.203298446e-05,-7.620650768,-2.75651145,-1.54145515,2.355005264,-0.1461839676,-0.1632448733,-0.003226602916
-0.09240030497,0.7676128745,0.5062832832,-0.4914913476,0.3916788995,0.5216237307,1.570821166,0.5316973329,0.1130231097,0.1079434156,-0.1513895243,0.008197727613,0.012633509,5.104936281e-05,-7.37642622,-2.687901974,-1.489453435,2.308818102,-0.1404974312,-0.1609641612,-0.003070509061
-0.08409253508,0.7693788409,0.5079699159,-0.4938568175,0.3918069899,0.5218211412,1.570822001,0.4977502227,0.106666863,0.100621894,-0.1461389512,0.007469714619,0.01229173783,3.201782238e-05,-7.130290985,-2.618060827,-1.437242866,2.259465694,-0.1348422617,-0.1583608985,-0.002912627067
-0.07631518692,0.771045506,0.5095421076,-0.4961402416,0.3919236958,0.5220131874,1.570822477,0.465226084,0.1004189327,0.09372888505,-0.1404968798,0.006810875144,0.01188305113,1.30204462e-05,-6.885899067,-2.545562744,-1.386043191,2.206295013,-0.1294094771,-0.1553472281,-0.002768395934
-0.06904602796,0.7726145387,0.5110065937,-0.4983355105,0.3920301199,0.5221988559,1.570822716,0.4340791404,0.0942818597,0.08721715957,-0.1345683336,0.00619525183,0.01144229155,-1.433009857e-06,-6.64169836,-2.47150135,-1.335200191,2.150111914,-0.1240857989,-0.1520203948,-0.002629310125
-0.06226354092,0.7740876675,0.5123693347,-0.5004381537,0.3921269178,0.5223776698,1.570822716,0.4042736292,0.08826562017,0.08106341958,-0.1284244955,0.005625420716,0.01097204629,-1.516323209e-05,-6.399178505,-2.394929647,-1.285187244,2.091012001,-0.1189248934,-0.1484013498,-0.002498327056
-0.05594676733,0.7754667997,0.5136359334,-0.5024448037,0.3922148049,0.5225490928,1.570822477,0.3757730722,0.08238074183,0.07522780448,-0.1221319437,0.005095806438,0.01048794761,-2.523242074e-05,-6.157640934,-2.31663394,-1.235667944,2.029397011,-0.1138816029,-0.1445286423,-0.002373682801
-0.05007531494,0.7767540216,0.5148113966,-0.504353106,0.3922944367,0.5227129459,1.57082212,0.3485434055,0.07663758099,0.06968952715,-0.1157482341,0.004602638073,0.00999169983,-3.388280675e-05,-5.917098999,-2.236840487,-1.186594963,1.965527654,-0.108942613,-0.1404251456,-0.002253427403
-0.04462932423,0.777951479,0.5159003139,-0.5061616898,0.3923663497,0.5228690505,1.570821643,0.3225527108,0.07104597241,0.0644299984,-0.1093244478,0.004146053921,0.009486407042,-4.099393118e-05,-5.677643776,-2.155684471,-1.137946367,1.899627209,-0.1041043252,-0.1361116022,-0.002138125943
-0.03958943859,0.7790615559,0.5169070363,-0.5078698993,0.3924311399,0.5230172873,1.570821047,0.2977701426,0.06561529636,0.05943509564,-0.1029067039,0.003722044174,0.008975546807,-4.700614591e-05,-5.439362526,-2.07329464,-1.089706898,1.831902862,-0.09935914725,-0.131607756,-0.002027041046
-0.03493677825,0.7800868154,0.5178357363,-0.5094777942,0.3924892843,0.523157537,1.570820332,0.2741661668,0.06035429984,0.05469357967,-0.09653670341,0.003327608341,0.008462860249,-5.227043948e-05,-5.198748589,-1.990027308,-1.041061044,1.761267781,-0.09463112056,-0.1267819703,-0.00191545533
-0.03065293282,0.78102988,0.5186903477,-0.5109862089,0.3925412893,0.5232897401,1.570819497,0.2517205179,0.05525951087,0.05019914359,-0.09028823674,0.002976961434,0.007967463695,-5.965497621e-05,-4.95226717,-1.901329875,-0.9915453196,1.68641746,-0.08988920599,-0.1216506958,-0.001810236019
-0.02671979927,0.7818933129,0.5194746852,-0.5123969913,0.3925878108,0.5234142542,1.570818543,0.2304432839,0.05035647377,0.04594118521,-0.08418820053,0.002641671337,0.007476107683,-6.118421152e-05,-4.686911106,-1.800624013,-0.9390680194,1.59956789,-0.08498533815,-0.1154694632,-0.001706860727
-0.02311912365,0.7826801538,0.5201925039,-0.5137124062,0.392629087,0.5235310793,1.57081759,0.2103760689,0.0456359759,0.04188308492,-0.078431122,0.002332849428,0.007074088324,-6.617201871e-05,-4.399873257,-1.690788984,-0.8822584152,1.503613114,-0.07973884046,-0.1086187214,-0.001598714269
-0.01983199827,0.7833932042,0.5208469033,-0.5149378777,0.3926655352,0.5236415863,1.570816517,0.1915872395,0.04112652689,0.03805402666,-0.07308516651,0.0020353375,0.006714996882,-7.148607256e-05,-4.128595352,-1.588273168,-0.8280867934,1.415024877,-0.07469366491,-0.1024025232,-0.001491959207
-0.01683844812,0.7840358019,0.5214415193,-0.516079843,0.3926973343,0.5237464905,1.570815444,0.1740152687,0.03685965016,0.03447056562,-0.06801567227,0.00175071368,0.006330166943,-7.358256698e-05,-3.864283562,-1.488113284,-0.7751886249,1.328684568,-0.06976519525,-0.09632606059,-0.001386842458
-0.01411945932,0.7846117616,0.5219801068,-0.5171425939,0.3927246928,0.5238453746,1.570814252,0.1576251388,0.03284977749,0.03112898581,-0.06318277866,0.001488376292,0.005938162096,-7.458595792e-05,-3.560651064,-1.371500015,-0.7145190835,1.226856709,-0.06418568641,-0.08905220777,-0.00127146102
-0.01165656652,0.7851250172,0.5224664807,-0.5181298256,0.3927479386,0.523938179,1.57081306,0.1425623447,0.02913874388,0.02806304768,-0.05868398398,0.001240844722,0.005562654231,-7.545761764e-05,-3.319417,-1.278741241,-0.6661493182,1.147930264,-0.05966635048,-0.08351416886,-0.001172328601
-0.00942903012,0.785580337,0.5229049921,-0.5190467834,0.3927673399,0.5240250826,1.570811868,0.1285768896,0.02569847926,0.02521454915,-0.05434244126,0.001031994005,0.005187355913,-7.412017294e-05,-3.011313915,-1.158322453,-0.6045433283,1.043436646,-0.05402357504,-0.07604324818,-0.001056311885
-0.007420016453,0.7859818935,0.5232989788,-0.5198959112,0.392783463,0.5241061449,1.570810676,0.1159256622,0.02259327658,0.02264804021,-0.0503157191,0.0008389183786,0.004831908736,-7.247427857e-05,-2.760576487,-1.059748411,-0.5543211699,0.9594907761,-0.04937108979,-0.07010796666,-0.0009555033175
-0.005608677864,0.7863349319,0.5236528516,-0.5206820965,0.392796576,0.524181664,1.570809603,0.1043745428,0.01978585497,0.02030807547,-0.04647256434,0.0006833227817,0.004487363622,-6.967371883e-05,-2.53872776,-0.9724621773,-0.5098184347,0.8854128718,-0.04525031894,-0.06487986445,-0.0008671676042
-0.003977825865,0.7866441011,0.5239701867,-0.5214082599,0.3928072453,0.5242517591,1.57080853,0.09379681945,0.01725015044,0.01817412488,-0.04277409613,0.0005560053978,0.004151470494,-6.618005136e-05,-2.351177216,-0.8988943696,-0.4721390009,0.823007822,-0.04176160693,-0.06047881395,-0.0007925559767
-0.002512250561,0.7869136333,0.5242541432,-0.5220766068,0.3928159475,0.5243166089,1.570807457,0.08404190093,0.0149472747,0.01621831581,-0.03918845952,0.0004509342543,0.003823246807,-6.221233343e-05,-2.189486265,-0.8361797333,-0.4395923615,0.7692969441,-0.0387587361,-0.05667680129,-0.0007291268557
-0.001199095859,0.7871471643,0.5245075822,-0.5226889253,0.3928229809,0.5243763328,1.570806503,0.07499322295,0.01284163818,0.01441869047,-0.03570650145,0.0003626545076,0.003502067411,-5.839360892e-05,-2.042545557,-0.7786512375,-0.4100903273,0.719914794,-0.03605112061,-0.05317036062,-0.0006726163556
-2.732675057e-05,0.7873477936,0.5247328877,-0.5232468247,0.3928286433,0.5244310498,1.57080555,0.06658198684,0.01091211662,0.01275749411,-0.03233715147,0.0002865982824,0.003189211711,-5.407147182e-05,-1.841952801,-0.6973795891,-0.3700477779,0.6501427293,-0.03242015094,-0.04818010703,-0.0005989601486
0.001013016794,0.7875183225,0.5249322057,-0.5237520933,0.3928331137,0.5244808793,1.570804715,0.05902425945,0.009220403619,0.01127939299,-0.02918041311,0.0002172309905,0.002891399665,-4.935378092e-05,-1.631389499,-0.6109859943,-0.3280947208,0.5760896802,-0.02862072736,-0.04287497327,-0.0005205437774
0.001935270848,0.7876623869,0.5251084566,-0.5242080092,0.3928365111,0.5245260596,1.570804,0.05235776305,0.007779218256,0.009987090714,-0.02626314387,0.0001641372801,0.002612542827,-4.536875349e-05,-1.478246093,-0.5495012999,-0.2974897027,0.5225928426,-0.02585565858,-0.03902257606,-0.0004634408979
0.002753360895,0.7877839208,0.5252645016,-0.5246183872,0.3928390741,0.5245668888,1.570803285,0.0463379249,0.006513383705,0.008829937316,-0.0235260427,0.0001254944509,0.002350128954,-4.173811976e-05,-1.364606738,-0.5058402419,-0.2746564746,0.4833070636,-0.02381131798,-0.03616143018,-0.0004227399186
0.003477390856,0.7878856659,0.5254024863,-0.5249859691,0.3928410411,0.5246036053,1.570802689,0.04079454392,0.00536628766,0.007773834281,-0.02093700133,9.433018568e-05,0.00210098736,-3.802456195e-05,-1.254484773,-0.4635294378,-0.2525533438,0.4449196458,-0.02184694633,-0.03335226327,-0.0003848251945
0.004114805721,0.7879695296,0.5255239606,-0.525313139,0.3928425014,0.5246364474,1.570802093,0.03570970148,0.004330285359,0.006812763866,-0.01850612089,6.721527461e-05,0.001866395585,-3.411281068e-05,-1.168211341,-0.4301114678,-0.235320121,0.414478898,-0.02032242902,-0.03111698665,-0.0003556518059
0.004672769923,0.7880371809,0.5256304145,-0.5256022811,0.3928435445,0.5246655941,1.570801616,0.03098243847,0.003376430366,0.005918940995,-0.01621480659,4.611571057e-05,0.001646343735,-3.07701157e-05,-1.02969861,-0.3731321394,-0.2078111768,0.3644564748,-0.01788398065,-0.0274821762,-0.0003084946657
0.005156870466,0.788089931,0.5257229209,-0.5258556604,0.3928442597,0.5246913433,1.570801139,0.02682778053,0.002570848214,0.005138599779,-0.01414194796,2.643838161e-05,0.001444355119,-2.733090878e-05,-0.9565025568,-0.3453815877,-0.1931729317,0.3383511305,-0.01660654508,-0.025537448,-0.0002847752185
0.005576054566,0.7881301045,0.5258032084,-0.5260766149,0.392844677,0.5247139335,1.570800662,0.02297110111,0.00182616082,0.004413268995,-0.01221126132,1.146966588e-05,0.001257452765,-2.468186358e-05,-0.8545333147,-0.3043014109,-0.1728977412,0.3013636172,-0.0148278838,-0.02282074094,-0.0002513200161
0.005934977904,0.7881586552,0.5258721709,-0.5262674093,0.3928448558,0.524733603,1.570800304,0.01953120343,0.001180432271,0.003768208669,-0.01046490669,-2.879613021e-06,0.001086683013,-2.201760617e-05,-0.7826429605,-0.2767787874,-0.1585353613,0.2754670084,-0.01358233485,-0.02088820003,-0.0002286042291
0.006240152754,0.788177073,0.5259310603,-0.5264309049,0.3928447962,0.5247505903,1.570799947,0.01638213173,0.0005942239077,0.003176646074,-0.008864714764,-1.559400698e-05,0.0009306557477,-1.895702735e-05,-0.7295865417,-0.2570095956,-0.1479414999,0.2563017011,-0.01267571468,-0.01944258623,-0.00021382056
0.006496123504,0.7881863713,0.525980711,-0.5265694261,0.3928445578,0.5247651339,1.570799708,0.0134459585,4.565750714e-05,0.002620041603,-0.00738514401,-2.757002403e-05,0.000787348079,-1.798532503e-05,-0.6473067403,-0.2234973907,-0.131623894,0.2260456979,-0.01125244424,-0.01721207984,-0.0001870341366
0.006706216373,0.7881870866,0.5260216594,-0.5266848207,0.3928441405,0.5247774124,1.57079947,0.0108431736,-0.0004258295521,0.002126046922,-0.00606833864,-3.934942652e-05,0.0006590789417,-1.648262332e-05,-0.5928268433,-0.2026888728,-0.1207537204,0.2061732709,-0.01031881664,-0.01571771875,-0.0001703843736
0.006875641178,0.7881804109,0.5260548592,-0.5267796516,0.3928435147,0.524787724,1.570799232,0.008458027616,-0.0008562084986,0.001671003876,-0.004875444807,-5.05345015e-05,0.0005433744518,-1.470556617e-05,-0.5444021225,-0.1845618635,-0.1110677272,0.1885765791,-0.009491400793,-0.01438732352,-0.0001562360849
0.007007797714,0.7881670594,0.526080966,-0.5268558264,0.3928427398,0.5247961879,1.570798993,0.006265747827,-0.001251964364,0.001250175759,-0.003795188619,-6.197529729e-05,0.000439447409,-1.307524508e-05,-0.5118404031,-0.1731311381,-0.1045311242,0.176756084,-0.008943872526,-0.01347499806,-0.0001476532489
0.007105700206,0.7881475091,0.5261005163,-0.526915133,0.3928417861,0.5248030424,1.570798755,0.004200738855,-0.001631319406,0.000850211014,-0.002803820651,-7.401422044e-05,0.0003447816707,-1.166700076e-05,-0.4550569355,-0.1509150118,-0.09319524467,0.1560810655,-0.007963410579,-0.01193588134,-0.0001301939628
0.007171336561,0.7881219983,0.5261138082,-0.5269589424,0.3928406239,0.5248084068,1.570798516,0.002364594257,-0.00196115463,0.0004932681331,-0.001928413869,-8.6232998e-05,0.0002606330963,-1.076915669e-05,-0.4198693633,-0.1380741447,-0.08613528311,0.1433374584,-0.007363410667,-0.01096544322,-0.0001199124526
0.007208283525,0.7880913615,0.5261214972,-0.5269891024,0.3928392828,0.5248124599,1.570798397,0.0006680022925,-0.002267636824,0.0001601378026,-0.001137621352,-9.779818356e-05,0.0001855992305,-9.370764928e-06,-0.3784588873,-0.1222777069,-0.07784495503,0.1283142269,-0.006650562398,-0.009838906117,-0.0001077158304
0.007218720857,0.7880559564,0.5261240005,-0.5270068645,0.3928377628,0.5248153806,1.570798278,-0.0008625050541,-0.002540517831,-0.00014237297,-0.0004353111144,-0.0001091174709,0.0001186701556,-9.153030987e-06,-0.346511662,-0.1107871607,-0.07140300423,0.116879873,-0.006101586856,-0.008969174698,-9.815551311e-05
0.007205244154,0.7880162597,0.5261217952,-0.5270136595,0.3928360641,0.5248172283,1.570798159,-0.002265746705,-0.002790903905,-0.0004216930829,0.0001950619044,-0.0001203746069,5.901756958e-05,-7.753727914e-06,-0.3249967098,-0.1036169976,-0.06703951955,0.1092379913,-0.005736514926,-0.008375522681,-9.267752466e-05
0.007169841789,0.7879726291,0.5261151791,-0.5270106196,0.3928341866,0.5248181224,1.570798039,-0.00358458492,-0.003030248685,-0.0006866973126,0.0007701378199,-0.000131560766,5.226440408e-06,-6.875480267e-06,-0.2883040607,-0.08998193592,-0.05964099616,0.09618024528,-0.005098023452,-0.007397239096,-8.168611384e-05
0.007113832515,0.787925303,0.5261044502,-0.5269985795,0.3928321302,0.524818182,1.57079792,-0.004755037371,-0.003238107776,-0.0009231800796,0.001274931477,-0.0001423749636,-4.254601299e-05,-6.523207958e-06,-0.2589074075,-0.07897678018,-0.05372747779,0.0856288895,-0.004587948788,-0.006604020018,-7.232499047e-05
0.007039534859,0.7878746986,0.5260900259,-0.5269786716,0.392829895,0.5248175263,1.570797801,-0.005807183217,-0.003421596019,-0.001137521002,0.001720075146,-0.0001520429505,-8.388502465e-05,-5.372609849e-06,-0.2405722439,-0.07292825729,-0.04998907819,0.07921223342,-0.004273097962,-0.006107572,-6.758717063e-05
0.006948797498,0.7878212333,0.5260722637,-0.5269517899,0.3928275108,0.524816215,1.570797682,-0.00678676134,-0.003594265087,-0.001338595757,0.0021225526,-0.000161603617,-0.0001210121554,-4.877967513e-06,-0.2045989931,-0.05878743529,-0.04277643934,0.06625830382,-0.003642761847,-0.00515032094,-5.59311884e-05
0.006842754316,0.7877650857,0.5260513425,-0.5269186497,0.3928249776,0.5248143077,1.570797563,-0.007619787473,-0.003731614212,-0.001510574832,0.002461762633,-0.0001697894331,-0.0001525897387,-5.018342108e-06,-0.1827947795,-0.05088878796,-0.03836374357,0.0585386306,-0.003263035556,-0.004567597527,-4.919436469e-05
0.006723694969,0.7877067924,0.526027739,-0.5268802047,0.3928223252,0.5248119235,1.570797443,-0.008364988491,-0.003851216752,-0.001665519201,0.002758023795,-0.0001775226556,-0.000179907569,-4.698167686e-06,-0.1578770578,-0.04176318645,-0.03331644461,0.04977004603,-0.002825472271,-0.003910692409,-4.118697325e-05
0.006592992228,0.7876465917,0.5260016918,-0.5268371105,0.3928195536,0.5248091221,1.570797324,-0.009008941241,-0.003948654048,-0.001800326048,0.003009914886,-0.000184477205,-0.0002032563061,-3.622182703e-06,-0.1438516527,-0.03724811226,-0.03043708019,0.04496215656,-0.002581221983,-0.003539529862,-3.757045124e-05
0.006452227477,0.7875849009,0.5259735584,-0.5267900825,0.3928166628,0.524805963,1.570797324,-0.009596779011,-0.004036898259,-0.001924360753,0.003232869087,-0.0001908694685,-0.0002238157031,-3.580100156e-06,-0.1299860626,-0.03276521713,-0.02758729085,0.0402360484,-0.002338456223,-0.003176142229,-3.367758109e-05
0.006302278023,0.7875218391,0.5259435177,-0.5267395973,0.3928136826,0.5248024464,1.570797324,-0.01012880169,-0.004115364049,-0.002037450671,0.003429092001,-0.0001969748555,-0.0002418084914,-3.513998536e-06,-0.09715463221,-0.01972685568,-0.02099283785,0.02851082943,-0.001756968675,-0.002317299135,-2.298757499e-05
0.006144015584,0.7874575257,0.5259116888,-0.5266860127,0.3928106129,0.5247986913,1.570797324,-0.01052563544,-0.004158537369,-0.002122657141,0.003575383686,-0.0002012266632,-0.0002560297726,-5.314574992e-06,-0.08566354215,-0.01615946367,-0.01861666329,0.02466066927,-0.001554302289,-0.002019581851,-1.930786857e-05
0.005979552399,0.7873925567,0.5258785486,-0.5266301632,0.3928074539,0.5247946978,1.570797205,-0.010876026,-0.004193737172,-0.002198687755,0.003700606525,-0.0002052010823,-0.0002678422316,-5.488746865e-06,-0.06564728916,-0.008956108242,-0.0145397922,0.01774780266,-0.001198534737,-0.001503559295,-1.258946395e-05
0.005809614435,0.7873270512,0.5258442163,-0.5265723467,0.3928042352,0.5247905254,1.570797086,-0.01114413701,-0.004209893756,-0.002257952699,0.003795200028,-0.000208280253,-0.0002769697749,-4.453439942e-06,-0.05544159189,-0.005793242715,-0.01242518798,0.01435032394,-0.001017635805,-0.001241806895,-9.870188478e-06
0.005635487381,0.7872612476,0.5258089304,-0.5265130401,0.3928009868,0.5247861743,1.570796967,-0.01137084514,-0.004218633287,-0.002308700932,0.003872108413,-0.0002107566397,-0.0002844257397,-4.19979051e-06,-0.04557942972,-0.002705644816,-0.01038261876,0.0110686915,-0.0008424012922,-0.0009898761055,-7.028645086e-06
0.005457818042,0.7871953249,0.5257728696,-0.5264525414,0.3927977085,0.5247817039,1.570796847,-0.01155741606,-0.00421989942,-0.002351112897,0.003932557069,-0.0002128182823,-0.0002903878049,-4.002066817e-06,-0.03601376712,0.0003157286847,-0.008402253501,0.007887330838,-0.0006720474339,-0.000746394624,-4.241689567e-06
0.005277233198,0.7871294022,0.5257361531,-0.526391089,0.3927943707,0.524777174,1.570796728,-0.01170493662,-0.004213654436,-0.0023853858,0.003977594431,-0.0002144359169,-0.0002949691552,-3.876319624e-06,-0.0136341285,0.008621768095,-0.003853652393,0.0001525308326,-0.0002715492155,-0.0001756106067,2.897433205e-06
0.005094343796,0.787063539,0.5256989002,-0.5263289213,0.3927910328,0.5247725844,1.570796609,-0.01175959595,-0.004183996934,-0.002400402678,0.003992443439,-0.0002143929014,-0.0002973910596,-4.886302577e-06,-0.005866337568,0.01096741576,-0.002235122724,-0.002385986503,-0.0001324209152,2.003626651e-05,5.670049632e-06
0.004910599906,0.7869981527,0.5256614089,-0.5262665153,0.3927876949,0.5247679353,1.57079649,-0.01178247295,-0.004148426,-0.002408587839,0.003995303996,-0.0002144340397,-0.0002984937746,-3.909136467e-06,0.001586455619,0.01326583326,-0.0006856435211,-0.004834332038,1.185488827e-06,0.0002077501122,7.655255104e-06
0.004726498853,0.7869333625,0.5256237984,-0.5262041092,0.3927843571,0.5247632861,1.570796371,-0.01177481748,-0.004107003566,-0.002410260262,0.003986750264,-0.0002137830015,-0.0002985567262,-3.877146355e-06,0.008574603125,0.01543481462,0.0007667967002,-0.007128828671,0.0001266175677,0.0003832534712,9.735942513e-06
0.004542517476,0.7868691683,0.5255861282,-0.5261418223,0.3927810192,0.524758637,1.570796251,-0.0117384633,-0.004059955943,-0.002405776409,0.003967796452,-0.0002127246698,-0.0002976970281,-3.891241704e-06,0.01503686327,0.01744723134,0.002110051923,-0.009247531183,0.0002428227162,0.0005450135213,1.168632025e-05
0.004359104205,0.7868057489,0.5255485177,-0.5260798335,0.3927776814,0.5247539878,1.570796132,-0.01167550776,-0.004007600714,-0.002395569813,0.003939500544,-0.0002112842485,-0.0002960212005,-3.900708634e-06,0.0210856311,0.01933774352,0.003367195837,-0.0112290848,0.0003517259029,0.0006960490136,1.352071195e-05
0.004176674411,0.7867431045,0.525511086,-0.5260182619,0.3927743733,0.5247493386,1.570796013,-0.01158760395,-0.003950198647,-0.00237999903,0.003902652767,-0.0002094765077,-0.0002936153905,-3.905814083e-06,0.02675759979,0.02111625299,0.004545973148,-0.01308611594,0.0004539782822,0.0008374080062,1.525260541e-05
0.003995618317,0.786681354,0.5254738927,-0.5259572864,0.392771095,0.5247447491,1.570795894,-0.01147627085,-0.003888003994,-0.002359373262,0.003857929725,-0.0002073106734,-0.0002905405127,-3.909366569e-06,0.03194403648,0.02273575217,0.005624609068,-0.01477908343,0.0005475913058,0.0009662417579,1.683431219e-05
0.003816301469,0.7866206169,0.525437057,-0.5258970261,0.3927678466,0.5247402191,1.570795774,-0.01134347543,-0.003821409307,-0.00233412534,0.003806148423,-0.0002048116585,-0.0002868771262,-3.912338343e-06,0.05426292866,0.03236910328,0.01006063074,-0.02292213961,0.0009472012171,0.001550764311,2.621982094e-05
0.003639059607,0.7865608931,0.525400579,-0.5258375406,0.3927646577,0.5247357488,1.570795655,-0.01111771259,-0.003727114061,-0.002289209282,0.003724417882,-0.0002004391426,-0.0002807273122,-1.022667675e-06,0.05732638389,0.03309920803,0.0107155079,-0.02384486236,0.001002167701,0.001623889082,2.594841681e-05
0.003465345362,0.7865026593,0.5253648162,-0.5257793665,0.3927615285,0.524731338,1.570795655,-0.01087928098,-0.003630935447,-0.002241446404,0.003638633993,-0.0001958911016,-0.0002741852368,-1.545117584e-06,0.05985679105,0.03364725411,0.01126078237,-0.02458670922,0.001048268634,0.001683147275,2.656143806e-05
0.003295356641,0.7864459157,0.5253297687,-0.5257225037,0.3927584589,0.5247270465,1.570795655,-0.01063033938,-0.003533360083,-0.002191404812,0.003549607238,-0.0001913578162,-0.0002675075957,-1.990513056e-06,0.06205449626,0.03409086913,0.01173717808,-0.02521800995,0.001088563236,0.001734012505,2.709954788e-05
0.003129257588,0.7863907218,0.5252955556,-0.5256670117,0.3927554786,0.5247228742,1.570795655,-0.01037224289,-0.003434644314,-0.002139390213,0.003457888728,-0.0001867279352,-0.0002606564376,-2.383834953e-06,0.06400415301,0.03446137905,0.01216180343,-0.02576877736,0.001124467002,0.001778694685,2.757953371e-05
0.002967191394,0.7863370776,0.5252621174,-0.5256130099,0.392752558,0.524718821,1.570795655,-0.01010600571,-0.003334969515,-0.002085622633,0.003363868222,-0.0001819666068,-0.0002536250395,-2.723027819e-06,0.06578227133,0.03478634357,0.01255033817,-0.02626595087,0.001157284365,0.001819192898,2.801138726e-05
0.002809284953,0.7862849832,0.5252295136,-0.5255604386,0.3927497268,0.5247148871,1.570795655,-0.009832344018,-0.003234452568,-0.002030212432,0.003267782275,-0.0001771101524,-0.0002464400022,-3.013229161e-06,0.06742057949,0.03507772088,0.01290909015,-0.02672082186,0.001187617891,0.001856370131,2.841905007e-05
0.00265565468,0.7862344384,0.525197804,-0.5255093575,0.3927469552,0.5247110128,1.570795655,-0.009551836178,-0.003133181948,-0.001973277656,0.003169815056,-0.0001721254521,-0.0002390925074,-3.256182026e-06,0.06879539788,0.0352877304,0.01321314555,-0.02708969265,0.001213219599,0.001886997954,2.875277278e-05
0.002506407211,0.786185503,0.5251669884,-0.525459826,0.3927442729,0.5247072577,1.570795655,-0.009265576489,-0.00303137349,-0.001915022847,0.003070336767,-0.0001670477213,-0.0002316043538,-3.435735607e-06,0.06974136084,0.0353500545,0.01342911366,-0.02731272206,0.001231121598,0.00190661184,2.894048703e-05
0.002361632651,0.7861381173,0.5251370668,-0.5254118443,0.3927416503,0.5247036219,1.570795655,-0.008975322358,-0.002929413691,-0.001855844283,0.002970004221,-0.0001619035174,-0.0002240625472,-3.56450164e-06,0.07038389891,0.03531089425,0.01358246431,-0.02743380144,0.001243565697,0.001918535098,2.903017048e-05
0.002221393166,0.7860923409,0.525108099,-0.5253654122,0.3927391171,0.5247001052,1.570795655,-0.008682318032,-0.002827570075,-0.001796034398,0.002869273536,-0.0001567008439,-0.0002164883481,-3.643984201e-06,0.07090138644,0.03523557261,0.01370968856,-0.02751558647,0.001253739581,0.001927469391,2.9075567e-05
0.00208573183,0.7860481739,0.5250800252,-0.5253205895,0.3927366734,0.5246967077,1.570795655,-0.008387095295,-0.002725947183,-0.001735671423,0.002768280916,-0.0001514633623,-0.000208889076,-3.704217761e-06,0.07131718844,0.03513198718,0.01381544489,-0.02756619081,0.001262055128,0.001934017753,2.909293835e-05
0.001954683568,0.7860055566,0.5250529051,-0.5252773166,0.392734319,0.5246934295,1.570795655,-0.008090087213,-0.002624634653,-0.00167484046,0.002667116001,-0.0001461925713,-0.0002012754703,-3.749989673e-06,0.07165982574,0.03501225635,0.01390545908,-0.02759572491,0.001269047498,0.001938919188,2.909787327e-05
0.00182827597,0.7859645486,0.5250267386,-0.5252356529,0.3927320242,0.5246902704,1.570795655,-0.007791604847,-0.002523682313,-0.001613602857,0.002565845381,-0.0001408731041,-0.0001936355984,-3.782603926e-06,0.07173024863,0.03480388969,0.01393902302,-0.0275351461,0.001271065208,0.001936978777,2.900284017e-05
0.001706532203,0.7859250903,0.5250015259,-0.525195539,0.3927298188,0.5246872306,1.570795655,-0.007492771372,-0.002423331607,-0.001552215428,0.002464845311,-0.0001355613203,-0.00018602208,-3.805228289e-06,0.07173186541,0.03457805887,0.0139579149,-0.02745417506,0.00127184717,0.001933478634,2.889963253e-05
0.001589457621,0.7858872414,0.5249772668,-0.5251570344,0.3927277029,0.52468431,1.570795655,-0.007193880156,-0.002323639346,-0.001490744995,0.002364171203,-0.0001302272867,-0.0001784234482,-3.811549504e-06,0.07894989848,0.03817635402,0.01535230596,-0.03026266582,0.001399309258,0.002130368492,3.177565304e-05
0.001477053273,0.7858509421,0.5249539614,-0.5251200795,0.3927256763,0.5246815085,1.570795655,-0.006864943542,-0.002213869477,-0.001423106529,0.002252635779,-0.0001242469007,-0.0001698020351,-4.265501957e-06,0.07778615505,0.03746983036,0.01513836067,-0.02975873835,0.0013794119,0.00209574867,3.141456909e-05
0.001369788544,0.7858163714,0.5249317288,-0.5250848532,0.3927237391,0.5246788263,1.570795536,-0.006540748291,-0.002106048632,-0.001356388442,0.002143241931,-0.0001184628709,-0.0001616084046,-4.071948752e-06,0.07651972026,0.03670062125,0.01490533631,-0.02921206504,0.001357570058,0.002058608923,3.078344525e-05
0.001267589396,0.7857834697,0.5249105096,-0.5250513554,0.3927218914,0.5246763229,1.570795417,-0.00622173259,-0.002000364009,-0.001290698419,0.00203612959,-0.0001127885116,-0.0001535560878,-3.98826387e-06,0.07510619611,0.03588652238,0.01464157831,-0.0286192596,0.001333096181,0.002017950173,3.015909533e-05
0.001170374802,0.7857522368,0.5248903632,-0.5250195265,0.3927201331,0.5246739388,1.570795298,-0.005908527412,-0.001896962756,-0.001226162771,0.001931410166,-0.0001072080995,-0.0001457072503,-3.880330496e-06,0.07357744873,0.03503795713,0.01435372699,-0.02799055353,0.001306500402,0.001974628307,2.948244764e-05
0.001078054076,0.7857226133,0.5248712301,-0.5249893665,0.3927184641,0.5246716738,1.570795178,-0.00560163008,-0.00179595442,-0.001162865898,0.001829179819,-0.0001017289251,-0.0001380357571,-3.813654757e-06,0.07195782661,0.03416248411,0.01404674817,-0.02733385749,0.001278248033,0.001929190243,2.879482054e-05
0.0009905286133,0.7856945395,0.5248530507,-0.5249607563,0.3927168846,0.524669528,1.570795178,-0.005301430821,-0.001697429689,-0.001100896508,0.001729499549,-9.633766604e-05,-0.0001305564365,-3.75091895e-06,0.07029751688,0.03327875957,0.01373082306,-0.02666644938,0.001249160618,0.00188294542,2.808566569e-05
0.0009076937567,0.7856680155,0.524835825,-0.5249337554,0.3927153647,0.5246675014,1.570795178,-0.005008111242,-0.001601423952,-0.001040290226,0.001632371219,-9.108545783e-05,-0.0001232482464,-3.686426908e-06,0.06852608919,0.03236008808,0.01339165028,-0.02596362121,0.00121804059,0.001834031427,2.7343498e-05
0.0008294419968,0.7856429815,0.5248195529,-0.5249082446,0.3927139342,0.5246655941,1.570795178,-0.004722139332,-0.00150804664,-0.0009811654454,0.001537899603,-8.595623513e-05,-0.0001161262408,-3.625199952e-06,0.06669402122,0.03142443672,0.01303961966,-0.02524240129,0.001185790868,0.001783739077,2.658479571e-05
0.0008294419968,0.7856429815,0.5248195529,-0.5249082446,0.3927139342,0.5246655941,1.570795178,0,0,0,0,0,0,0,0,0,0,0,0,0,0
0.0008294419968,0.7856429815,0.5248195529,-0.5249082446,0.3927139342,0.5246655941,1.570795178,0,0,0,0,0,0,0,0,0,0,0,0,0,0
0.0008294419968,0.7856429815,0.5248195529,-0.5249082446,0.3927139342,0.5246655941,1.570795178,0,0,0,0,0,0,0,0,0,0,0,0,0,0
0.0008294419968,0.7856429815,0.5248195529,-0.5249082446,0.3927139342,0.5246655941,1.570795178,0,0,0,0,0,0,0,0,0,0,0,0,0,0
0.0008294419968,0.7856429815,0.5248195529,-0.5249082446,0.3927139342,0.5246655941,1.570795178,0,0,0,0,0,0,0,0,0,0,0,0,0,0
0.0008294419968,0.7856429815,0.5248195529,-0.5249082446,0.3927139342,0.5246655941,1.570795178,0,0,0,0,0,0,0,0,0,0,0,0,0,0
0.0008294419968,0.7856429815,0.5248195529,-0.5249082446,0.3927139342,0.5246655941,1.570795178,0,0,0,0,0,0,0,0,0,0,0,0,0,0
0.0008294419968,0.7856429815,0.5248195529,-0.5249082446,0.3927139342,0.5246655941,1.570795178,0,0,0,0,0,0,0,0,0,0,0,0,0,0
0.0008294419968,0.7856429815,0.5248195529,-0.5249082446,0.3927139342,0.5246655941,1.570795178,0,0,0,0,0,0,0,0,0,0,0,0,0,0
0.0008294419968,0.7856429815,0.5248195529,-0.5249082446,0.3927139342,0.5246655941,1.570795178,0,0,0,0,0,0,0,0,0,0,0,0,0,0
0.0008294419968,0.7856429815,0.5248195529,-0.5249082446,0.3927139342,0.5246655941,1.570795178,0,0,0,0,0,0,0,0,0,0,0,0,0,0
0.0008294419968,0.7856429815,0.5248195529,-0.5249082446,0.3927139342,0.5246655941,1.570795178,0,0,0,0,0,0,0,0,0,0,0,0,0,0
0.0008294419968,0.7856429815,0.5248195529,-0.5249082446,0.3927139342,0.5246655941,1.570795178,0,0,0,0,0,0,0,0,0,0,0,0,0,0
0.0008294419968,0.7856429815,0.5248195529,-0.5249082446,0.3927139342,0.5246655941,1.570795178,0,0,0,0,0,0,0,0,0,0,0,0,0,0
0.0008294419968,0.7856429815,0.5248195529,-0.5249082446,0.3927139342,0.5246655941,1.570795178,0,0,0,0,0,0,0,0,0,0,0,0,0,0
0.0008294419968,0.7856429815,0.5248195529,-0.5249082446,0.3927139342,0.5246655941,1.570795178,0,0,0,0,0,0,0,0,0,0,0,0,0,0
0.0008294419968,0.7856429815,0.5248195529,-0.5249082446,0.3927139342,0.5246655941,1.570795178,0,0,0,0,0,0,0,0,0,0,0,0,0,0
0.0008294419968,0.7856429815,0.5248195529,-0.5249082446,0.3927139342,0.5246655941,1.570795178,0,0,0,0,0,0,0,0,0,0,0,0,0,0
0.0008294419968,0.7856429815,0.5248195529,-0.5249082446,0.3927139342,0.5246655941,1.570795178,0,0,0,0,0,0,0,0,0,0,0,0,0,0
0.0008294419968,0.7856429815,0.5248195529,-0.5249082446,0.3927139342,0.5246655941,1.570795178,0,0,0,0,0,0,0,0,0,0,0,0,0,0
0.0008294419968,0.7856429815,0.5248195529,-0.5249082446,0.3927139342,0.5246655941,1.570795178,0,0,0,0,0,0,0,0,0,0,0,0,0,0
0.0008294419968,0.7856429815,0.5248195529,-0.5249082446,0.3927139342,0.5246655941,1.570795178,0,0,0,0,0,0,0,0,0,0,0,0,0,0
0.0008294419968,0.7856429815,0.5248195529,-0.5249082446,0.3927139342,0.5246655941,1.570795178,0,0,0,0,0,0,0,0,0,0,0,0,0,0
0.0008294419968,0.7856429815,0.5248195529,-0.5249082446,0.3927139342,0.5246655941,1.570795178,0,0,0,0,0,0,0,0,0,0,0,0,0,0
0.0008294419968,0.7856429815,0.5248195529,-0.5249082446,0.3927139342,0.5246655941,1.570795178,0,0,0,0,0,0,0,0,0,0,0,0,0,0
0.0008294419968,0.7856429815,0.5248195529,-0.5249082446,0.3927139342,0.5246655941,1.570795178,0,0,0,0,0,0,0,0,0,0,0,0,0,0
0.0008294419968,0.7856429815,0.5248195529,-0.5249082446,0.3927139342,0.5246655941,1.570795178,0,0,0,0,0,0,0,0,0,0,0,0,0,0
0.0008294419968,0.7856429815,0.5248195529,-0.5249082446,0.3927139342,0.5246655941,1.570795178,0,0,0,0,0,0,0,0,0,0,0,0,0,0
0.0008294419968,0.7856429815,0.5248195529,-0.5249082446,0.3927139342,0.5246655941,1.570795178,0,0,0,0,0,0,0,0,0,0,0,0,0,0
0.0008294419968,0.7856429815,0.5248195529,-0.5249082446,0.3927139342,0.5246655941,1.570795178,0,0,0,0,0,0,0,0,0,0,0,0,0,0
0.0008294419968,0.7856429815,0.5248195529,-0.5249082446,0.3927139342,0.5246655941,1.570795178,0,0,0,0,0,0,0,0,0,0,0,0,0,0
0.0008294419968,0.7856429815,0.5248195529,-0.5249082446,0.3927139342,0.5246655941,1.570795178,0,0,0,0,0,0,0,0,0,0,0,0,0,0
0.0008294419968,0.7856429815,0.5248195529,-0.5249082446,0.3927139342,0.5246655941,1.570795178,0,0,0,0,0,0,0,0,0,0,0,0,0,0
0.0008294419968,0.7856429815,0.5248195529,-0.5249082446,0.3927139342,0.5246655941,1.570795178,0,0,0,0,0,0,0,0,0,0,0,0,0,0
0.0008294419968,0.7856429815,0.5248195529,-0.5249082446,0.3927139342,0.5246655941,1.570795178,0,0,0,0,0,0,0,0,0,0,0,0,0,0
0.0008294419968,0.7856429815,0.5248195529,-0.5249082446,0.3927139342,0.5246655941,1.570795178,0,0,0,0,0,0,0,0,0,0,0,0,0,0
0.0008294419968,0.7856429815,0.5248195529,-0.5249082446,0.3927139342,0.5246655941,1.570795178,0,0,0,0,0,0,0,0,0,0,0,0,0,0
0.0008294419968,0.7856429815,0.5248195529,-0.5249082446,0.3927139342,0.5246655941,1.570795178,0,0,0,0,0,0,0,0,0,0,0,0,0,0
0.0008294419968,0.7856429815,0.5248195529,-0.5249082446,0.3927139342,0.5246655941,1.570795178,0,0,0,0,0,0,0,0,0,0,0,0,0,0
0.0008294419968,0.7856429815,0.5248195529,-0.5249082446,0.3927139342,0.5246655941,1.570795178,0,0,0,0,0,0,0,0,0,0,0,0,0,0
0.0008294419968,0.7856429815,0.5248195529,-0.5249082446,0.3927139342,0.5246655941,1.570795178,0,0,0,0,0,0,0,0,0,0,0,0,0,0
0.0008294419968,0.7856429815,0.5248195529,-0.5249082446,0.3927139342,0.5246655941,1.570795178,0,0,0,0,0,0,0,0,0,0,0,0,0,0
0.0008294419968,0.7856429815,0.5248195529,-0.5249082446,0.3927139342,0.5246655941,1.570795178,0,0,0,0,0,0,0,0,0,0,0,0,0,0
0.0008294419968,0.7856429815,0.5248195529,-0.5249082446,0.3927139342,0.5246655941,1.570795178,0,0,0,0,0,0,0,0,0,0,0,0,0,0
0.0008294419968,0.7856429815,0.5248195529,-0.5249082446,0.3927139342,0.5246655941,1.570795178,0,0,0,0,0,0,0,0,0,0,0,0,0,0
0.0008294419968,0.7856429815,0.5248195529,-0.5249082446,0.3927139342,0.5246655941,1.570795178,0,0,0,0,0,0,0,0,0,0,0,0,0,0
0.0008294419968,0.7856429815,0.5248195529,-0.5249082446,0.3927139342,0.5246655941,1.570795178,0,0,0,0,0,0,0,0,0,0,0,0,0,0
0.0008294419968,0.7856429815,0.5248195529,-0.5249082446,0.3927139342,0.5246655941,1.570795178,0,0,0,0,0,0,0,0,0,0,0,0,0,0
0.0008294419968,0.7856429815,0.5248195529,-0.5249082446,0.3927139342,0.5246655941,1.570795178,0,0,0,0,0,0,0,0,0,0,0,0,0,0
0.0008294419968,0.7856429815,0.5248195529,-0.5249082446,0.3927139342,0.5246655941,1.570795178,0,0,0,0,0,0,0,0,0,0,0,0,0,0
0.0008294419968,0.7856429815,0.5248195529,-0.5249082446,0.3927139342,0.5246655941,1.570795178,0,0,0,0,0,0,0,0,0,0,0,0,0,0
0.0008294419968,0.7856429815,0.5248195529,-0.5249082446,0.3927139342,0.5246655941,1.570795178,0,0,0,0,0,0,0,0,0,0,0,0,0,0
0.0008294419968,0.7856429815,0.5248195529,-0.5249082446,0.3927139342,0.5246655941,1.570795178,0,0,0,0,0,0,0,0,0,0,0,0,0,0
0.0008294419968,0.7856429815,0.5248195529,-0.5249082446,0.3927139342,0.5246655941,1.570795178,0,0,0,0,0,0,0,0,0,0,0,0,0,0
0.0008294419968,0.7856429815,0.5248195529,-0.5249082446,0.3927139342,0.5246655941,1.570795178,0,0,0,0,0,0,0,0,0,0,0,0,0,0
0.0008294419968,0.7856429815,0.5248195529,-0.5249082446,0.3927139342,0.5246655941,1.570795178,0,0,0,0,0,0,0,0,0,0,0,0,0,0
0.0008294419968,0.7856429815,0.5248195529,-0.5249082446,0.3927139342,0.5246655941,1.570795178,0,0,0,0,0,0,0,0,0,0,0,0,0,0
0.0008294419968,0.7856429815,0.5248195529,-0.5249082446,0.3927139342,0.5246655941,1.570795178,0,0,0,0,0,0,0,0,0,0,0,0,0,0
0.0008294419968,0.7856429815,0.5248195529,-0.5249082446,0.3927139342,0.5246655941,1.570795178,0,0,0,0,0,0,0,0,0,0,0,0,0,0
0.0008294419968,0.7856429815,0.5248195529,-0.5249082446,0.3927139342,0.5246655941,1.570795178,0,0,0,0,0,0,0,0,0,0,0,0,0,0
0.0008294419968,0.7856429815,0.5248195529,-0.5249082446,0.3927139342,0.5246655941,1.570795178,0,0,0,0,0,0,0,0,0,0,0,0,0,0
0.0008294419968,0.7856429815,0.5248195529,-0.5249082446,0.3927139342,0.5246655941,1.570795178,0,0,0,0,0,0,0,0,0,0,0,0,0,0
0.0008294419968,0.7856429815,0.5248195529,-0.5249082446,0.3927139342,0.5246655941,1.570795178,0,0,0,0,0,0,0,0,0,0,0,0,0,0
0.0008294419968,0.7856429815,0.5248195529,-0.5249082446,0.3927139342,0.5246655941,1.570795178,0,0,0,0,0,0,0,0,0,0,0,0,0,0
0.0008294419968,0.7856429815,0.5248195529,-0.5249082446,0.3927139342,0.5246655941,1.570795178,0,0,0,0,0,0,0,0,0,0,0,0,0,0
0.0008294419968,0.7856429815,0.5248195529,-0.5249082446,0.3927139342,0.5246655941,1.570795178,0,0,0,0,0,0,0,0,0,0,0,0,0,0
0.0008294419968,0.7856429815,0.5248195529,-0.5249082446,0.3927139342,0.5246655941,1.570795178,0,0,0,0,0,0,0,0,0,0,0,0,0,0
0.0008294419968,0.7856429815,0.5248195529,-0.5249082446,0.3927139342,0.5246655941,1.570795178,0,0,0,0,0,0,0,0,0,0,0,0,0,0
0.0008294419968,0.7856429815,0.5248195529,-0.5249082446,0.3927139342,0.5246655941,1.570795178,0,0,0,0,0,0,0,0,0,0,0,0,0,0
0.0008294419968,0.7856429815,0.5248195529,-0.5249082446,0.3927139342,0.5246655941,1.570795178,0,0,0,0,0,0,0,0,0,0,0,0,0,0
0.0008294419968,0.7856429815,0.5248195529,-0.5249082446,0.3927139342,0.5246655941,1.570795178,0,0,0,0,0,0,0,0,0,0,0,0,0,0
0.0008294419968,0.7856429815,0.5248195529,-0.5249082446,0.3927139342,0.5246655941,1.570795178,0,0,0,0,0,0,0,0,0,0,0,0,0,0
0.0008294419968,0.7856429815,0.5248195529,-0.5249082446,0.3927139342,0.5246655941,1.570795178,0,0,0,0,0,0,0,0,0,0,0,0,0,0
0.0008294419968,0.7856429815,0.5248195529,-0.5249082446,0.3927139342,0.5246655941,1.570795178,0,0,0,0,0,0,0,0,0,0,0,0,0,0
0.0008294419968,0.7856429815,0.5248195529,-0.5249082446,0.3927139342,0.5246655941,1.570795178,0,0,0,0,0,0,0,0,0,0,0,0,0,0
0.0008294419968,0.7856429815,0.5248195529,-0.5249082446,0.3927139342,0.5246655941,1.570795178,0,0,0,0,0,0,0,0,0,0,0,0,0,0
0.0008294419968,0.7856429815,0.5248195529,-0.5249082446,0.3927139342,0.5246655941,1.570795178,0,0,0,0,0,0,0,0,0,0,0,0,0,0
0.0008294419968,0.7856429815,0.5248195529,-0.5249082446,0.3927139342,0.5246655941,1.570795178,0,0,0,0,0,0,0,0,0,0,0,0,0,0
0.0008294419968,0.7856429815,0.5248195529,-0.5249082446,0.3927139342,0.5246655941,1.570795178,0,0,0,0,0,0,0,0,0,0,0,0,0,0
0.0008294419968,0.7856429815,0.5248195529,-0.5249082446,0.3927139342,0.5246655941,1.570795178,0,0,0,0,0,0,0,0,0,0,0,0,0,0
0.0008294419968,0.7856429815,0.5248195529,-0.5249082446,0.3927139342,0.5246655941,1.570795178,0,0,0,0,0,0,0,0,0,0,0,0,0,0
0.0008294419968,0.7856429815,0.5248195529,-0.5249082446,0.3927139342,0.5246655941,1.570795178,0,0,0,0,0,0,0,0,0,0,0,0,0,0
0.0008294419968,0.7856429815,0.5248195529,-0.5249082446,0.3927139342,0.5246655941,1.570795178,0,0,0,0,0,0,0,0,0,0,0,0,0,0
0.0008294419968,0.7856429815,0.5248195529,-0.5249082446,0.3927139342,0.5246655941,1.570795178,0,0,0,0,0,0,0,0,0,0,0,0,0,0
0.0008294419968,0.7856429815,0.5248195529,-0.5249082446,0.3927139342,0.5246655941,1.570795178,0,0,0,0,0,0,0,0,0,0,0,0,0,0
0.0008294419968,0.7856429815,0.5248195529,-0.5249082446,0.3927139342,0.5246655941,1.570795178,0,0,0,0,0,0,0,0,0,0,0,0,0,0
0.0008294419968,0.7856429815,0.5248195529,-0.5249082446,0.3927139342,0.5246655941,1.570795178,0,0,0,0,0,0,0,0,0,0,0,0,0,0
0.0008294419968,0.7856429815,0.5248195529,-0.5249082446,0.3927139342,0.5246655941,1.570795178,0,0,0,0,0,0,0,0,0,0,0,0,0,0
0.0008294419968,0.7856429815,0.5248195529,-0.5249082446,0.3927139342,0.5246655941,1.570795178,0,0,0,0,0,0,0,0,0,0,0,0,0,0
0.0008294419968,0.7856429815,0.5248195529,-0.5249082446,0.3927139342,0.5246655941,1.570795178,0,0,0,0,0,0,0,0,0,0,0,0,0,0
0.0008294419968,0.7856429815,0.5248195529,-0.5249082446,0.3927139342,0.5246655941,1.570795178,0,0,0,0,0,0,0,0,0,0,0,0,0,0
0.0008294419968,0.7856429815,0.5248195529,-0.5249082446,0.3927139342,0.5246655941,1.570795178,0,0,0,0,0,0,0,0,0,0,0,0,0,0
0.0008294419968,0.7856429815,0.5248195529,-0.5249082446,0.3927139342,0.5246655941,1.570795178,0,0,0,0,0,0,0,0,0,0,0,0,0,0
0.0008294419968,0.7856429815,0.5248195529,-0.5249082446,0.3927139342,0.5246655941,1.570795178,0,0,0,0,0,0,0,0,0,0,0,0,0,0
0.0008294419968,0.7856429815,0.5248195529,-0.5249082446,0.3927139342,0.5246655941,1.570795178,0,0,0,0,0,0,0,0,0,0,0,0,0,0
0.0008294419968,0.7856429815,0.5248195529,-0.5249082446,0.3927139342,0.5246655941,1.570795178,0,0,0,0,0,0,0,0,0,0,0,0,0,0
0.0008294419968,0.7856429815,0.5248195529,-0.5249082446,0.3927139342,0.5246655941,1.570795178,0,0,0,0,0,0,0,0,0,0,0,0,0,0
0.0008294419968,0.7856429815,0.5248195529,-0.5249082446,0.3927139342,0.5246655941,1.570795178,0,0,0,0,0,0,0,0,0,0,0,0,0,0
0.0008294419968,0.7856429815,0.5248195529,-0.5249082446,0.3927139342,0.5246655941,1.570795178,0,0,0,0,0,0,0,0,0,0,0,0,0,0
0.0008294419968,0.7856429815,0.5248195529,-0.5249082446,0.3927139342,0.5246655941,1.570795178,0,0,0,0,0,0,0,0,0,0,0,0,0,0
0.0008294419968,0.7856429815,0.5248195529,-0.5249082446,0.3927139342,0.5246655941,1.570795178,0,0,0,0,0,0,0,0,0,0,0,0,0,0
0.0008294419968,0.7856429815,0.5248195529,-0.5249082446,0.3927139342,0.5246655941,1.570795178,0,0,0,0,0,0,0,0,0,0,0,0,0,0
0.0008294419968,0.7856429815,0.5248195529,-0.5249082446,0.3927139342,0.5246655941,1.570795178,0,0,0,0,0,0,0,0,0,0,0,0,0,0
0.0008294419968,0.7856429815,0.5248195529,-0.5249082446,0.3927139342,0.5246655941,1.570795178,0,0,0,0,0,0,0,0,0,0,0,0,0,0
0.0008294419968,0.7856429815,0.5248195529,-0.5249082446,0.3927139342,0.5246655941,1.570795178,0,0,0,0,0,0,0,0,0,0,0,0,0,0
0.0008294419968,0.7856429815,0.5248195529,-0.5249082446,0.3927139342,0.5246655941,1.570795178,0,0,0,0,0,0,0,0,0,0,0,0,0,0
0.0008294419968,0.7856429815,0.5248195529,-0.5249082446,0.3927139342,0.5246655941,1.570795178,0,0,0,0,0,0,0,0,0,0,0,0,0,0
0.0008294419968,0.7856429815,0.5248195529,-0.5249082446,0.3927139342,0.5246655941,1.570795178,0,0,0,0,0,0,0,0,0,0,0,0,0,0
0.0008294419968,0.7856429815,0.5248195529,-0.5249082446,0.3927139342,0.5246655941,1.570795178,0,0,0,0,0,0,0,0,0,0,0,0,0,0
0.0008294419968,0.7856429815,0.5248195529,-0.5249082446,0.3927139342,0.5246655941,1.570795178,0,0,0,0,0,0,0,0,0,0,0,0,0,0
0.0008294419968,0.7856429815,0.5248195529,-0.5249082446,0.3927139342,0.5246655941,1.570795178,0,0,0,0,0,0,0,0,0,0,0,0,0,0
0.0008294419968,0.7856429815,0.5248195529,-0.5249082446,0.3927139342,0.5246655941,1.570795178,0,0,0,0,0,0,0,0,0,0,0,0,0,0
0.0008294419968,0.7856429815,0.5248195529,-0.5249082446,0.3927139342,0.5246655941,1.570795178,0,0,0,0,0,0,0,0,0,0,0,0,0,0
0.0008294419968,0.7856429815,0.5248195529,-0.5249082446,0.3927139342,0.5246655941,1.570795178,0,0,0,0,0,0,0,0,0,0,0,0,0,0
0.0008294419968,0.7856429815,0.5248195529,-0.5249082446,0.3927139342,0.5246655941,1.570795178,0,0,0,0,0,0,0,0,0,0,0,0,0,0
0.0008294419968,0.7856429815,0.5248195529,-0.5249082446,0.3927139342,0.5246655941,1.570795178,0,0,0,0,0,0,0,0,0,0,0,0,0,0
0.0008294419968,0.7856429815,0.5248195529,-0.5249082446,0.3927139342,0.5246655941,1.570795178,0,0,0,0,0,0,0,0,0,0,0,0,0,0
0.0008294419968,0.7856429815,0.5248195529,-0.5249082446,0.3927139342,0.5246655941,1.570795178,0,0,0,0,0,0,0,0,0,0,0,0,0,0
0.0008294419968,0.7856429815,0.5248195529,-0.5249082446,0.3927139342,0.5246655941,1.570795178,0,0,0,0,0,0,0,0,0,0,0,0,0,0
0.0008294419968,0.7856429815,0.5248195529,-0.5249082446,0.3927139342,0.5246655941,1.570795178,0,0,0,0,0,0,0,0,0,0,0,0,0,0
0.0008294419968,0.7856429815,0.5248195529,-0.5249082446,0.3927139342,0.5246655941,1.570795178,0,0,0,0,0,0,0,0,0,0,0,0,0,0
0.0008294419968,0.7856429815,0.5248195529,-0.5249082446,0.3927139342,0.5246655941,1.570795178,0,0,0,0,0,0,0,0,0,0,0,0,0,0
0.0008294419968,0.7856429815,0.5248195529,-0.5249082446,0.3927139342,0.5246655941,1.570795178,0,0,0,0,0,0,0,0,0,0,0,0,0,0
0.0008294419968,0.7856429815,0.5248195529,-0.5249082446,0.3927139342,0.5246655941,1.570795178,0,0,0,0,0,0,0,0,0,0,0,0,0,0
0.0008294419968,0.7856429815,0.5248195529,-0.5249082446,0.3927139342,0.5246655941,1.570795178,0,0,0,0,0,0,0,0,0,0,0,0,0,0
0.0008294419968,0.7856429815,0.5248195529,-0.5249082446,0.3927139342,0.5246655941,1.570795178,0,0,0,0,0,0,0,0,0,0,0,0,0,0
0.0008294419968,0.7856429815,0.5248195529,-0.5249082446,0.3927139342,0.5246655941,1.570795178,0,0,0,0,0,0,0,0,0,0,0,0,0,0
0.0008294419968,0.7856429815,0.5248195529,-0.5249082446,0.3927139342,0.5246655941,1.570795178,0,0,0,0,0,0,0,0,0,0,0,0,0,0
0.0008294419968,0.7856429815,0.5248195529,-0.5249082446,0.3927139342,0.5246655941,1.570795178,0,0,0,0,0,0,0,0,0,0,0,0,0,0
0.0008294419968,0.7856429815,0.5248195529,-0.5249082446,0.3927139342,0.5246655941,1.570795178,0,0,0,0,0,0,0,0,0,0,0,0,0,0
0.0008294419968,0.7856429815,0.5248195529,-0.5249082446,0.3927139342,0.5246655941,1.570795178,0,0,0,0,0,0,0,0,0,0,0,0,0,0
0.0008294419968,0.7856429815,0.5248195529,-0.5249082446,0.3927139342,0.5246655941,1.570795178,0,0,0,0,0,0,0,0,0,0,0,0,0,0
0.0008294419968,0.7856429815,0.5248195529,-0.5249082446,0.3927139342,0.5246655941,1.570795178,0,0,0,0,0,0,0,0,0,0,0,0,0,0
0.0008294419968,0.7856429815,0.5248195529,-0.5249082446,0.3927139342,0.5246655941,1.570795178,0,0,0,0,0,0,0,0,0,0,0,0,0,0
0.0008294419968,0.7856429815,0.5248195529,-0.5249082446,0.3927139342,0.5246655941,1.570795178,0,0,0,0,0,0,0,0,0,0,0,0,0,0
0.0008294419968,0.7856429815,0.5248195529,-0.5249082446,0.3927139342,0.5246655941,1.570795178,0,0,0,0,0,0,0,0,0,0,0,0,0,0
0.0008294419968,0.7856429815,0.5248195529,-0.5249082446,0.3927139342,0.5246655941,1.570795178,0,0,0,0,0,0,0,0,0,0,0,0,0,0
0.0008294419968,0.7856429815,0.5248195529,-0.5249082446,0.3927139342,0.5246655941,1.570795178,0,0,0,0,0,0,0,0,0,0,0,0,0,0
0.0008294419968,0.7856429815,0.5248195529,-0.5249082446,0.3927139342,0.5246655941,1.570795178,0,0,0,0,0,0,0,0,0,0,0,0,0,0
0.0008294419968,0.7856429815,0.5248195529,-0.5249082446,0.3927139342,0.5246655941,1.570795178,0,0,0,0,0,0,0,0,0,0,0,0,0,0
0.0008294419968,0.7856429815,0.5248195529,-0.5249082446,0.3927139342,0.5246655941,1.570795178,0,0,0,0,0,0,0,0,0,0,0,0,0,0
0.0008294419968,0.7856429815,0.5248195529,-0.5249082446,0.3927139342,0.5246655941,1.570795178,0,0,0,0,0,0,0,0,0,0,0,0,0,0
0.0008294419968,0.7856429815,0.5248195529,-0.5249082446,0.3927139342,0.5246655941,1.570795178,0,0,0,0,0,0,0,0,0,0,0,0,0,0
0.0008294419968,0.7856429815,0.5248195529,-0.5249082446,0.3927139342,0.5246655941,1.570795178,0,0,0,0,0,0,0,0,0,0,0,0,0,0
0.0008294419968,0.7856429815,0.5248195529,-0.5249082446,0.3927139342,0.5246655941,1.570795178,0,0,0,0,0,0,0,0,0,0,0,0,0,0
0.0008294419968,0.7856429815,0.5248195529,-0.5249082446,0.3927139342,0.5246655941,1.570795178,0,0,0,0,0,0,0,0,0,0,0,0,0,0
0.0008294419968,0.7856429815,0.5248195529,-0.5249082446,0.3927139342,0.5246655941,1.570795178,0,0,0,0,0,0,0,0,0,0,0,0,0,0
0.0008294419968,0.7856429815,0.5248195529,-0.5249082446,0.3927139342,0.5246655941,1.570795178,0,0,0,0,0,0,0,0,0,0,0,0,0,0
0.0008294419968,0.7856429815,0.5248195529,-0.5249082446,0.3927139342,0.5246655941,1.570795178,0,0,0,0,0,0,0,0,0,0,0,0,0,0
0.0008294419968,0.7856429815,0.5248195529,-0.5249082446,0.3927139342,0.5246655941,1.570795178,0,0,0,0,0,0,0,0,0,0,0,0,0,0
0.0008294419968,0.7856429815,0.5248195529,-0.5249082446,0.3927139342,0.5246655941,1.570795178,0,0,0,0,0,0,0,0,0,0,0,0,0,0
0.0008294419968,0.7856429815,0.5248195529,-0.5249082446,0.3927139342,0.5246655941,1.570795178,0,0,0,0,0,0,0,0,0,0,0,0,0,0
0.0008294419968,0.7856429815,0.5248195529,-0.5249082446,0.3927139342,0.5246655941,1.570795178,0,0,0,0,0,0,0,0,0,0,0,0,0,0
0.0008294419968,0.7856429815,0.5248195529,-0.5249082446,0.3927139342,0.5246655941,1.570795178,0,0,0,0,0,0,0,0,0,0,0,0,0,0
0.0008294419968,0.7856429815,0.5248195529,-0.5249082446,0.3927139342,0.5246655941,1.570795178,0,0,0,0,0,0,0,0,0,0,0,0,0,0
0.0008294419968,0.7856429815,0.5248195529,-0.5249082446,0.3927139342,0.5246655941,1.570795178,0,0,0,0,0,0,0,0,0,0,0,0,0,0
0.0008294419968,0.7856429815,0.5248195529,-0.5249082446,0.3927139342,0.5246655941,1.570795178,0,0,0,0,0,0,0,0,0,0,0,0,0,0
0.0008294419968,0.7856429815,0.5248195529,-0.5249082446,0.3927139342,0.5246655941,1.570795178,0,0,0,0,0,0,0,0,0,0,0,0,0,0
0.0008294419968,0.7856429815,0.5248195529,-0.5249082446,0.3927139342,0.5246655941,1.570795178,0,0,0,0,0,0,0,0,0,0,0,0,0,0
0.0008294419968,0.7856429815,0.5248195529,-0.5249082446,0.3927139342,0.5246655941,1.570795178,0,0,0,0,0,0,0,0,0,0,0,0,0,0
0.0008294419968,0.7856429815,0.5248195529,-0.5249082446,0.3927139342,0.5246655941,1.570795178,0,0,0,0,0,0,0,0,0,0,0,0,0,0
0.0008294419968,0.7856429815,0.5248195529,-0.5249082446,0.3927139342,0.5246655941,1.570795178,0,0,0,0,0,0,0,0,0,0,0,0,0,0
0.0008294419968,0.7856429815,0.5248195529,-0.5249082446,0.3927139342,0.5246655941,1.570795178,0,0,0,0,0,0,0,0,0,0,0,0,0,0
0.0008294419968,0.7856429815,0.5248195529,-0.5249082446,0.3927139342,0.5246655941,1.570795178,0,0,0,0,0,0,0,0,0,0,0,0,0,0
0.0008294419968,0.7856429815,0.5248195529,-0.5249082446,0.3927139342,0.5246655941,1.570795178,0,0,0,0,0,0,0,0,0,0,0,0,0,0
0.0008294419968,0.7856429815,0.5248195529,-0.5249082446,0.3927139342,0.5246655941,1.570795178,0,0,0,0,0,0,0,0,0,0,0,0,0,0
0.0008294419968,0.7856429815,0.5248195529,-0.5249082446,0.3927139342,0.5246655941,1.570795178,0,0,0,0,0,0,0,0,0,0,0,0,0,0
0.0008294419968,0.7856429815,0.5248195529,-0.5249082446,0.3927139342,0.5246655941,1.570795178,0,0,0,0,0,0,0,0,0,0,0,0,0,0
0.0008294419968,0.7856429815,0.5248195529,-0.5249082446,0.3927139342,0.5246655941,1.570795178,0,0,0,0,0,0,0,0,0,0,0,0,0,0
0.0008294419968,0.7856429815,0.5248195529,-0.5249082446,0.3927139342,0.5246655941,1.570795178,0,0,0,0,0,0,0,0,0,0,0,0,0,0
0.0008294419968,0.7856429815,0.5248195529,-0.5249082446,0.3927139342,0.5246655941,1.570795178,0,0,0,0,0,0,0,0,0,0,0,0,0,0
0.0008294419968,0.7856429815,0.5248195529,-0.5249082446,0.3927139342,0.5246655941,1.570795178,0,0,0,0,0,0,0,0,0,0,0,0,0,0
0.0008294419968,0.7856429815,0.5248195529,-0.5249082446,0.3927139342,0.5246655941,1.570795178,0,0,0,0,0,0,0,0,0,0,0,0,0,0
0.0008294419968,0.7856429815,0.5248195529,-0.5249082446,0.3927139342,0.5246655941,1.570795178,0,0,0,0,0,0,0,0,0,0,0,0,0,0
0.0008294419968,0.7856429815,0.5248195529,-0.5249082446,0.3927139342,0.5246655941,1.570795178,0,0,0,0,0,0,0,0,0,0,0,0,0,0
0.0008294419968,0.7856429815,0.5248195529,-0.5249082446,0.3927139342,0.5246655941,1.570795178,0,0,0,0,0,0,0,0,0,0,0,0,0,0
0.0008294419968,0.7856429815,0.5248195529,-0.5249082446,0.3927139342,0.5246655941,1.570795178,0,0,0,0,0,0,0,0,0,0,0,0,0,0
0.0008294419968,0.7856429815,0.5248195529,-0.5249082446,0.3927139342,0.5246655941,1.570795178,0,0,0,0,0,0,0,0,0,0,0,0,0,0
0.0008294419968,0.7856429815,0.5248195529,-0.5249082446,0.3927139342,0.5246655941,1.570795178,0,0,0,0,0,0,0,0,0,0,0,0,0,0
0.0008294419968,0.7856429815,0.5248195529,-0.5249082446,0.3927139342,0.5246655941,1.570795178,0,0,0,0,0,0,0,0,0,0,0,0,0,0
0.0008294419968,0.7856429815,0.5248195529,-0.5249082446,0.3927139342,0.5246655941,1.570795178,0,0,0,0,0,0,0,0,0,0,0,0,0,0
0.0008294419968,0.7856429815,0.5248195529,-0.5249082446,0.3927139342,0.5246655941,1.570795178,0,0,0,0,0,0,0,0,0,0,0,0,0,0
0.0008294419968,0.7856429815,0.5248195529,-0.5249082446,0.3927139342,0.5246655941,1.570795178,0,0,0,0,0,0,0,0,0,0,0,0,0,0
0.0008294419968,0.7856429815,0.5248195529,-0.5249082446,0.3927139342,0.5246655941,1.570795178,0,0,0,0,0,0,0,0,0,0,0,0,0,0
0.0008294419968,0.7856429815,0.5248195529,-0.5249082446,0.3927139342,0.5246655941,1.570795178,0,0,0,0,0,0,0,0,0,0,0,0,0,0
0.0008294419968,0.7856429815,0.5248195529,-0.5249082446,0.3927139342,0.5246655941,1.570795178,0,0,0,0,0,0,0,0,0,0,0,0,0,0
0.0008294419968,0.7856429815,0.5248195529,-0.5249082446,0.3927139342,0.5246655941,1.570795178,0,0,0,0,0,0,0,0,0,0,0,0,0,0
0.0008294419968,0.7856429815,0.5248195529,-0.5249082446,0.3927139342,0.5246655941,1.570795178,0,0,0,0,0,0,0,0,0,0,0,0,0,0
0.0008294419968,0.7856429815,0.5248195529,-0.5249082446,0.3927139342,0.5246655941,1.570795178,0,0,0,0,0,0,0,0,0,0,0,0,0,0
0.0008294419968,0.7856429815,0.5248195529,-0.5249082446,0.3927139342,0.5246655941,1.570795178,0,0,0,0,0,0,0,0,0,0,0,0,0,0
0.0008294419968,0.7856429815,0.5248195529,-0.5249082446,0.3927139342,0.5246655941,1.570795178,0,0,0,0,0,0,0,0,0,0,0,0,0,0
0.0008294419968,0.7856429815,0.5248195529,-0.5249082446,0.3927139342,0.5246655941,1.570795178,0,0,0,0,0,0,0,0,0,0,0,0,0,0
0.0008294419968,0.7856429815,0.5248195529,-0.5249082446,0.3927139342,0.5246655941,1.570795178,0,0,0,0,0,0,0,0,0,0,0,0,0,0
0.0008294419968,0.7856429815,0.5248195529,-0.5249082446,0.3927139342,0.5246655941,1.570795178,0,0,0,0,0,0,0,0,0,0,0,0,0,0
0.0008294419968,0.7856429815,0.5248195529,-0.5249082446,0.3927139342,0.5246655941,1.570795178,0,0,0,0,0,0,0,0,0,0,0,0,0,0
0.0008294419968,0.7856429815,0.5248195529,-0.5249082446,0.3927139342,0.5246655941,1.570795178,0,0,0,0,0,0,0,0,0,0,0,0,0,0
0.0008294419968,0.7856429815,0.5248195529,-0.5249082446,0.3927139342,0.5246655941,1.570795178,0,0,0,0,0,0,0,0,0,0,0,0,0,0
0.0008294419968,0.7856429815,0.5248195529,-0.5249082446,0.3927139342,0.5246655941,1.570795178,0,0,0,0,0,0,0,0,0,0,0,0,0,0
0.0008294419968,0.7856429815,0.5248195529,-0.5249082446,0.3927139342,0.5246655941,1.570795178,0,0,0,0,0,0,0,0,0,0,0,0,0,0
0.0008294419968,0.7856429815,0.5248195529,-0.5249082446,0.3927139342,0.5246655941,1.570795178,0,0,0,0,0,0,0,0,0,0,0,0,0,0
0.0008294419968,0.7856429815,0.5248195529,-0.5249082446,0.3927139342,0.5246655941,1.570795178,0,0,0,0,0,0,0,0,0,0,0,0,0,0
0.0008294419968,0.7856429815,0.5248195529,-0.5249082446,0.3927139342,0.5246655941,1.570795178,0,0,0,0,0,0,0,0,0,0,0,0,0,0
0.0008294419968,0.7856429815,0.5248195529,-0.5249082446,0.3927139342,0.5246655941,1.570795178,0,0,0,0,0,0,0,0,0,0,0,0,0,0
0.0008294419968,0.7856429815,0.5248195529,-0.5249082446,0.3927139342,0.5246655941,1.570795178,0,0,0,0,0,0,0,0,0,0,0,0,0,0
0.0008294419968,0.7856429815,0.5248195529,-0.5249082446,0.3927139342,0.5246655941,1.570795178,0,0,0,0,0,0,0,0,0,0,0,0,0,0
0.0008294419968,0.7856429815,0.5248195529,-0.5249082446,0.3927139342,0.5246655941,1.570795178,0,0,0,0,0,0,0,0,0,0,0,0,0,0
0.0008294419968,0.7856429815,0.5248195529,-0.5249082446,0.3927139342,0.5246655941,1.570795178,0,0,0,0,0,0,0,0,0,0,0,0,0,0
0.0008294419968,0.7856429815,0.5248195529,-0.5249082446,0.3927139342,0.5246655941,1.570795178,0,0,0,0,0,0,0,0,0,0,0,0,0,0
0.0008294419968,0.7856429815,0.5248195529,-0.5249082446,0.3927139342,0.5246655941,1.570795178,0,0,0,0,0,0,0,0,0,0,0,0,0,0
0.0008294419968,0.7856429815,0.5248195529,-0.5249082446,0.3927139342,0.5246655941,1.570795178,0,0,0,0,0,0,0,0,0,0,0,0,0,0
0.0008294419968,0.7856429815,0.5248195529,-0.5249082446,0.3927139342,0.5246655941,1.570795178,0,0,0,0,0,0,0,0,0,0,0,0,0,0
0.0008294419968,0.7856429815,0.5248195529,-0.5249082446,0.3927139342,0.5246655941,1.570795178,0,0,0,0,0,0,0,0,0,0,0,0,0,0
0.0008294419968,0.7856429815,0.5248195529,-0.5249082446,0.3927139342,0.5246655941,1.570795178,0,0,0,0,0,0,0,0,0,0,0,0,0,0
0.0008294419968,0.7856429815,0.5248195529,-0.5249082446,0.3927139342,0.5246655941,1.570795178,0,0,0,0,0,0,0,0,0,0,0,0,0,0
0.0008294419968,0.7856429815,0.5248195529,-0.5249082446,0.3927139342,0.5246655941,1.570795178,0,0,0,0,0,0,0,0,0,0,0,0,0,0
0.0008294419968,0.7856429815,0.5248195529,-0.5249082446,0.3927139342,0.5246655941,1.570795178,0,0,0,0,0,0,0,0,0,0,0,0,0,0
0.0008294419968,0.7856429815,0.5248195529,-0.5249082446,0.3927139342,0.5246655941,1.570795178,0,0,0,0,0,0,0,0,0,0,0,0,0,0
0.0008294419968,0.7856429815,0.5248195529,-0.5249082446,0.3927139342,0.5246655941,1.570795178,0,0,0,0,0,0,0,0,0,0,0,0,0,0
0.0008294419968,0.7856429815,0.5248195529,-0.5249082446,0.3927139342,0.5246655941,1.570795178,0,0,0,0,0,0,0,0,0,0,0,0,0,0
0.0008294419968,0.7856429815,0.5248195529,-0.5249082446,0.3927139342,0.5246655941,1.570795178,0,0,0,0,0,0,0,0,0,0,0,0,0,0
0.0008294419968,0.7856429815,0.5248195529,-0.5249082446,0.3927139342,0.5246655941,1.570795178,0,0,0,0,0,0,0,0,0,0,0,0,0,0
0.0008294419968,0.7856429815,0.5248195529,-0.5249082446,0.3927139342,0.5246655941,1.570795178,0,0,0,0,0,0,0,0,0,0,0,0,0,0
0.0008294419968,0.7856429815,0.5248195529,-0.5249082446,0.3927139342,0.5246655941,1.570795178,0,0,0,0,0,0,0,0,0,0,0,0,0,0
0.0008294419968,0.7856429815,0.5248195529,-0.5249082446,0.3927139342,0.5246655941,1.570795178,0,0,0,0,0,0,0,0,0,0,0,0,0,0
0.0008294419968,0.7856429815,0.5248195529,-0.5249082446,0.3927139342,0.5246655941,1.570795178,0,0,0,0,0,0,0,0,0,0,0,0,0,0
0.0008294419968,0.7856429815,0.5248195529,-0.5249082446,0.3927139342,0.5246655941,1.570795178,0,0,0,0,0,0,0,0,0,0,0,0,0,0
0.0008294419968,0.7856429815,0.5248195529,-0.5249082446,0.3927139342,0.5246655941,1.570795178,0,0,0,0,0,0,0,0,0,0,0,0,0,0
0.0008294419968,0.7856429815,0.5248195529,-0.5249082446,0.3927139342,0.5246655941,1.570795178,0,0,0,0,0,0,0,0,0,0,0,0,0,0
0.0008294419968,0.7856429815,0.5248195529,-0.5249082446,0.3927139342,0.5246655941,1.570795178,0,0,0,0,0,0,0,0,0,0,0,0,0,0
0.0008294419968,0.7856429815,0.5248195529,-0.5249082446,0.3927139342,0.5246655941,1.570795178,0,0,0,0,0,0,0,0,0,0,0,0,0,0
0.0008294419968,0.7856429815,0.5248195529,-0.5249082446,0.3927139342,0.5246655941,1.570795178,0,0,0,0,0,0,0,0,0,0,0,0,0,0
0.0008294419968,0.7856429815,0.5248195529,-0.5249082446,0.3927139342,0.5246655941,1.570795178,0,0,0,0,0,0,0,0,0,0,0,0,0,0
0.0008294419968,0.7856429815,0.5248195529,-0.5249082446,0.3927139342,0.5246655941,1.570795178,0,0,0,0,0,0,0,0,0,0,0,0,0,0
0.0008294419968,0.7856429815,0.5248195529,-0.5249082446,0.3927139342,0.5246655941,1.570795178,0,0,0,0,0,0,0,0,0,0,0,0,0,0
0.0008294419968,0.7856429815,0.5248195529,-0.5249082446,0.3927139342,0.5246655941,1.570795178,0,0,0,0,0,0,0,0,0,0,0,0,0,0
0.0008294419968,0.7856429815,0.5248195529,-0.5249082446,0.3927139342,0.5246655941,1.570795178,0,0,0,0,0,0,0,0,0,0,0,0,0,0
0.0008294419968,0.7856429815,0.5248195529,-0.5249082446,0.3927139342,0.5246655941,1.570795178,0,0,0,0,0,0,0,0,0,0,0,0,0,0
0.0008294419968,0.7856429815,0.5248195529,-0.5249082446,0.3927139342,0.5246655941,1.570795178,0,0,0,0,0,0,0,0,0,0,0,0,0,0
0.0008294419968,0.7856429815,0.5248195529,-0.5249082446,0.3927139342,0.5246655941,1.570795178,0,0,0,0,0,0,0,0,0,0,0,0,0,0
0.0008294419968,0.7856429815,0.5248195529,-0.5249082446,0.3927139342,0.5246655941,1.570795178,0,0,0,0,0,0,0,0,0,0,0,0,0,0
0.0008294419968,0.7856429815,0.5248195529,-0.5249082446,0.3927139342,0.5246655941,1.570795178,0,0,0,0,0,0,0,0,0,0,0,0,0,0
0.0008294419968,0.7856429815,0.5248195529,-0.5249082446,0.3927139342,0.5246655941,1.570795178,0,0,0,0,0,0,0,0,0,0,0,0,0,0
0.0008294419968,0.7856429815,0.5248195529,-0.5249082446,0.3927139342,0.5246655941,1.570795178,0,0,0,0,0,0,0,0,0,0,0,0,0,0
0.0008294419968,0.7856429815,0.5248195529,-0.5249082446,0.3927139342,0.5246655941,1.570795178,0,0,0,0,0,0,0,0,0,0,0,0,0,0
0.0008294419968,0.7856429815,0.5248195529,-0.5249082446,0.3927139342,0.5246655941,1.570795178,0,0,0,0,0,0,0,0,0,0,0,0,0,0
0.0008294419968,0.7856429815,0.5248195529,-0.5249082446,0.3927139342,0.5246655941,1.570795178,0,0,0,0,0,0,0,0,0,0,0,0,0,0
0.0008294419968,0.7856429815,0.5248195529,-0.5249082446,0.3927139342,0.5246655941,1.570795178,0,0,0,0,0,0,0,0,0,0,0,0,0,0
0.0008294419968,0.7856429815,0.5248195529,-0.5249082446,0.3927139342,0.5246655941,1.570795178,0,0,0,0,0,0,0,0,0,0,0,0,0,0
0.0008294419968,0.7856429815,0.5248195529,-0.5249082446,0.3927139342,0.5246655941,1.570795178,0,0,0,0,0,0,0,0,0,0,0,0,0,0
0.0008294419968,0.7856429815,0.5248195529,-0.5249082446,0.3927139342,0.5246655941,1.570795178,0,0,0,0,0,0,0,0,0,0,0,0,0,0
0.0008294419968,0.7856429815,0.5248195529,-0.5249082446,0.3927139342,0.5246655941,1.570795178,0,0,0,0,0,0,0,0,0,0,0,0,0,0
0.0008294419968,0.7856429815,0.5248195529,-0.5249082446,0.3927139342,0.5246655941,1.570795178,0,0,0,0,0,0,0,0,0,0,0,0,0,0
0.0008294419968,0.7856429815,0.5248195529,-0.5249082446,0.3927139342,0.5246655941,1.570795178,0,0,0,0,0,0,0,0,0,0,0,0,0,0
0.0008294419968,0.7856429815,0.5248195529,-0.5249082446,0.3927139342,0.5246655941,1.570795178,0,0,0,0,0,0,0,0,0,0,0,0,0,0
0.0008294419968,0.7856429815,0.5248195529,-0.5249082446,0.3927139342,0.5246655941,1.570795178,0,0,0,0,0,0,0,0,0,0,0,0,0,0
0.0008294419968,0.7856429815,0.5248195529,-0.5249082446,0.3927139342,0.5246655941,1.570795178,0,0,0,0,0,0,0,0,0,0,0,0,0,0
0.0008294419968,0.7856429815,0.5248195529,-0.5249082446,0.3927139342,0.5246655941,1.570795178,0,0,0,0,0,0,0,0,0,0,0,0,0,0
0.0008294419968,0.7856429815,0.5248195529,-0.5249082446,0.3927139342,0.5246655941,1.570795178,0,0,0,0,0,0,0,0,0,0,0,0,0,0
0.0008294419968,0.7856429815,0.5248195529,-0.5249082446,0.3927139342,0.5246655941,1.570795178,0,0,0,0,0,0,0,0,0,0,0,0,0,0
0.0008294419968,0.7856429815,0.5248195529,-0.5249082446,0.3927139342,0.5246655941,1.570795178,0,0,0,0,0,0,0,0,0,0,0,0,0,0
0.0008294419968,0.7856429815,0.5248195529,-0.5249082446,0.3927139342,0.5246655941,1.570795178,0,0,0,0,0,0,0,0,0,0,0,0,0,0
0.0008294419968,0.7856429815,0.5248195529,-0.5249082446,0.3927139342,0.5246655941,1.570795178,0,0,0,0,0,0,0,0,0,0,0,0,0,0
0.0008294419968,0.7856429815,0.5248195529,-0.5249082446,0.3927139342,0.5246655941,1.570795178,0,0,0,0,0,0,0,0,0,0,0,0,0,0
0.0008294419968,0.7856429815,0.5248195529,-0.5249082446,0.3927139342,0.5246655941,1.570795178,0,0,0,0,0,0,0,0,0,0,0,0,0,0
0.0008294419968,0.7856429815,0.5248195529,-0.5249082446,0.3927139342,0.5246655941,1.570795178,0,0,0,0,0,0,0,0,0,0,0,0,0,0
0.0008294419968,0.7856429815,0.5248195529,-0.5249082446,0.3927139342,0.5246655941,1.570795178,0,0,0,0,0,0,0,0,0,0,0,0,0,0
0.0008294419968,0.7856429815,0.5248195529,-0.5249082446,0.3927139342,0.5246655941,1.570795178,0,0,0,0,0,0,0,0,0,0,0,0,0,0
0.0008294419968,0.7856429815,0.5248195529,-0.5249082446,0.3927139342,0.5246655941,1.570795178,0,0,0,0,0,0,0,0,0,0,0,0,0,0
0.0008294419968,0.7856429815,0.5248195529,-0.5249082446,0.3927139342,0.5246655941,1.570795178,0,0,0,0,0,0,0,0,0,0,0,0,0,0
0.0008294419968,0.7856429815,0.5248195529,-0.5249082446,0.3927139342,0.5246655941,1.570795178,0,0,0,0,0,0,0,0,0,0,0,0,0,0
0.0008294419968,0.7856429815,0.5248195529,-0.5249082446,0.3927139342,0.5246655941,1.570795178,0,0,0,0,0,0,0,0,0,0,0,0,0,0
0.0008294419968,0.7856429815,0.5248195529,-0.5249082446,0.3927139342,0.5246655941,1.570795178,0,0,0,0,0,0,0,0,0,0,0,0,0,0
0.0008294419968,0.7856429815,0.5248195529,-0.5249082446,0.3927139342,0.5246655941,1.570795178,0,0,0,0,0,0,0,0,0,0,0,0,0,0
0.0008294419968,0.7856429815,0.5248195529,-0.5249082446,0.3927139342,0.5246655941,1.570795178,0,0,0,0,0,0,0,0,0,0,0,0,0,0
0.0008294419968,0.7856429815,0.5248195529,-0.5249082446,0.3927139342,0.5246655941,1.570795178,0,0,0,0,0,0,0,0,0,0,0,0,0,0
0.0008294419968,0.7856429815,0.5248195529,-0.5249082446,0.3927139342,0.5246655941,1.570795178,0,0,0,0,0,0,0,0,0,0,0,0,0,0
0.0008294419968,0.7856429815,0.5248195529,-0.5249082446,0.3927139342,0.5246655941,1.570795178,0,0,0,0,0,0,0,0,0,0,0,0,0,0
0.0008294419968,0.7856429815,0.5248195529,-0.5249082446,0.3927139342,0.5246655941,1.570795178,0,0,0,0,0,0,0,0,0,0,0,0,0,0
0.0008294419968,0.7856429815,0.5248195529,-0.5249082446,0.3927139342,0.5246655941,1.570795178,0,0,0,0,0,0,0,0,0,0,0,0,0,0
0.0008294419968,0.7856429815,0.5248195529,-0.5249082446,0.3927139342,0.5246655941,1.570795178,0,0,0,0,0,0,0,0,0,0,0,0,0,0
0.0008294419968,0.7856429815,0.5248195529,-0.5249082446,0.3927139342,0.5246655941,1.570795178,0,0,0,0,0,0,0,0,0,0,0,0,0,0
0.0008294419968,0.7856429815,0.5248195529,-0.5249082446,0.3927139342,0.5246655941,1.570795178,0,0,0,0,0,0,0,0,0,0,0,0,0,0
0.0008294419968,0.7856429815,0.5248195529,-0.5249082446,0.3927139342,0.5246655941,1.570795178,0,0,0,0,0,0,0,0,0,0,0,0,0,0
0.0008294419968,0.7856429815,0.5248195529,-0.5249082446,0.3927139342,0.5246655941,1.570795178,0,0,0,0,0,0,0,0,0,0,0,0,0,0
0.0008294419968,0.7856429815,0.5248195529,-0.5249082446,0.3927139342,0.5246655941,1.570795178,0,0,0,0,0,0,0,0,0,0,0,0,0,0
0.0008294419968,0.7856429815,0.5248195529,-0.5249082446,0.3927139342,0.5246655941,1.570795178,0,0,0,0,0,0,0,0,0,0,0,0,0,0
0.0008294419968,0.7856429815,0.5248195529,-0.5249082446,0.3927139342,0.5246655941,1.570795178,0,0,0,0,0,0,0,0,0,0,0,0,0,0
0.0008294419968,0.7856429815,0.5248195529,-0.5249082446,0.3927139342,0.5246655941,1.570795178,0,0,0,0,0,0,0,0,0,0,0,0,0,0
0.0008294419968,0.7856429815,0.5248195529,-0.5249082446,0.3927139342,0.5246655941,1.570795178,0,0,0,0,0,0,0,0,0,0,0,0,0,0
0.0008294419968,0.7856429815,0.5248195529,-0.5249082446,0.3927139342,0.5246655941,1.570795178,0,0,0,0,0,0,0,0,0,0,0,0,0,0
0.0008294419968,0.7856429815,0.5248195529,-0.5249082446,0.3927139342,0.5246655941,1.570795178,0,0,0,0,0,0,0,0,0,0,0,0,0,0
0.0008294419968,0.7856429815,0.5248195529,-0.5249082446,0.3927139342,0.5246655941,1.570795178,0,0,0,0,0,0,0,0,0,0,0,0,0,0
0.0008294419968,0.7856429815,0.5248195529,-0.5249082446,0.3927139342,0.5246655941,1.570795178,0,0,0,0,0,0,0,0,0,0,0,0,0,0
0.0008294419968,0.7856429815,0.5248195529,-0.5249082446,0.3927139342,0.5246655941,1.570795178,0,0,0,0,0,0,0,0,0,0,0,0,0,0
0.0008294419968,0.7856429815,0.5248195529,-0.5249082446,0.3927139342,0.5246655941,1.570795178,0,0,0,0,0,0,0,0,0,0,0,0,0,0
0.0008294419968,0.7856429815,0.5248195529,-0.5249082446,0.3927139342,0.5246655941,1.570795178,0,0,0,0,0,0,0,0,0,0,0,0,0,0
0.0008294419968,0.7856429815,0.5248195529,-0.5249082446,0.3927139342,0.5246655941,1.570795178,0,0,0,0,0,0,0,0,0,0,0,0,0,0
0.0008294419968,0.7856429815,0.5248195529,-0.5249082446,0.3927139342,0.5246655941,1.570795178,0,0,0,0,0,0,0,0,0,0,0,0,0,0
0.0008294419968,0.7856429815,0.5248195529,-0.5249082446,0.3927139342,0.5246655941,1.570795178,0,0,0,0,0,0,0,0,0,0,0,0,0,0
0.0008294419968,0.7856429815,0.5248195529,-0.5249082446,0.3927139342,0.5246655941,1.570795178,0,0,0,0,0,0,0,0,0,0,0,0,0,0
0.0008294419968,0.7856429815,0.5248195529,-0.5249082446,0.3927139342,0.5246655941,1.570795178,0,0,0,0,0,0,0,0,0,0,0,0,0,0
0.0008294419968,0.7856429815,0.5248195529,-0.5249082446,0.3927139342,0.5246655941,1.570795178,0,0,0,0,0,0,0,0,0,0,0,0,0,0
0.0008294419968,0.7856429815,0.5248195529,-0.5249082446,0.3927139342,0.5246655941,1.570795178,0,0,0,0,0,0,0,0,0,0,0,0,0,0
0.0008294419968,0.7856429815,0.5248195529,-0.5249082446,0.3927139342,0.5246655941,1.570795178,0,0,0,0,0,0,0,0,0,0,0,0,0,0
0.0008294419968,0.7856429815,0.5248195529,-0.5249082446,0.3927139342,0.5246655941,1.570795178,0,0,0,0,0,0,0,0,0,0,0,0,0,0
0.0008294419968,0.7856429815,0.5248195529,-0.5249082446,0.3927139342,0.5246655941,1.570795178,0,0,0,0,0,0,0,0,0,0,0,0,0,0
0.0008294419968,0.7856429815,0.5248195529,-0.5249082446,0.3927139342,0.5246655941,1.570795178,0,0,0,0,0,0,0,0,0,0,0,0,0,0
0.0008294419968,0.7856429815,0.5248195529,-0.5249082446,0.3927139342,0.5246655941,1.570795178,0,0,0,0,0,0,0,0,0,0,0,0,0,0
0.0008294419968,0.7856429815,0.5248195529,-0.5249082446,0.3927139342,0.5246655941,1.570795178,0,0,0,0,0,0,0,0,0,0,0,0,0,0
0.0008294419968,0.7856429815,0.5248195529,-0.5249082446,0.3927139342,0.5246655941,1.570795178,0,0,0,0,0,0,0,0,0,0,0,0,0,0
0.0008294419968,0.7856429815,0.5248195529,-0.5249082446,0.3927139342,0.5246655941,1.570795178,0,0,0,0,0,0,0,0,0,0,0,0,0,0
0.0008294419968,0.7856429815,0.5248195529,-0.5249082446,0.3927139342,0.5246655941,1.570795178,0,0,0,0,0,0,0,0,0,0,0,0,0,0
0.0008294419968,0.7856429815,0.5248195529,-0.5249082446,0.3927139342,0.5246655941,1.570795178,0,0,0,0,0,0,0,0,0,0,0,0,0,0
0.0008294419968,0.7856429815,0.5248195529,-0.5249082446,0.3927139342,0.5246655941,1.570795178,0,0,0,0,0,0,0,0,0,0,0,0,0,0
0.0008294419968,0.7856429815,0.5248195529,-0.5249082446,0.3927139342,0.5246655941,1.570795178,0,0,0,0,0,0,0,0,0,0,0,0,0,0
0.0008294419968,0.7856429815,0.5248195529,-0.5249082446,0.3927139342,0.5246655941,1.570795178,0,0,0,0,0,0,0,0,0,0,0,0,0,0
0.0008294419968,0.7856429815,0.5248195529,-0.5249082446,0.3927139342,0.5246655941,1.570795178,0,0,0,0,0,0,0,0,0,0,0,0,0,0
0.0008294419968,0.7856429815,0.5248195529,-0.5249082446,0.3927139342,0.5246655941,1.570795178,0,0,0,0,0,0,0,0,0,0,0,0,0,0
0.0008294419968,0.7856429815,0.5248195529,-0.5249082446,0.3927139342,0.5246655941,1.570795178,0,0,0,0,0,0,0,0,0,0,0,0,0,0
0.0008294419968,0.7856429815,0.5248195529,-0.5249082446,0.3927139342,0.5246655941,1.570795178,0,0,0,0,0,0,0,0,0,0,0,0,0,0
0.0008294419968,0.7856429815,0.5248195529,-0.5249082446,0.3927139342,0.5246655941,1.570795178,0,0,0,0,0,0,0,0,0,0,0,0,0,0
0.0008294419968,0.7856429815,0.5248195529,-0.5249082446,0.3927139342,0.5246655941,1.570795178,0,0,0,0,0,0,0,0,0,0,0,0,0,0
0.0008294419968,0.7856429815,0.5248195529,-0.5249082446,0.3927139342,0.5246655941,1.570795178,0,0,0,0,0,0,0,0,0,0,0,0,0,0
0.0008294419968,0.7856429815,0.5248195529,-0.5249082446,0.3927139342,0.5246655941,1.570795178,0,0,0,0,0,0,0,0,0,0,0,0,0,0
0.0008294419968,0.7856429815,0.5248195529,-0.5249082446,0.3927139342,0.5246655941,1.570795178,0,0,0,0,0,0,0,0,0,0,0,0,0,0
0.0008294419968,0.7856429815,0.5248195529,-0.5249082446,0.3927139342,0.5246655941,1.570795178,0,0,0,0,0,0,0,0,0,0,0,0,0,0
0.0008294419968,0.7856429815,0.5248195529,-0.5249082446,0.3927139342,0.5246655941,1.570795178,0,0,0,0,0,0,0,0,0,0,0,0,0,0
0.0008294419968,0.7856429815,0.5248195529,-0.5249082446,0.3927139342,0.5246655941,1.570795178,0,0,0,0,0,0,0,0,0,0,0,0,0,0
0.0008294419968,0.7856429815,0.5248195529,-0.5249082446,0.3927139342,0.5246655941,1.570795178,0,0,0,0,0,0,0,0,0,0,0,0,0,0
0.0008294419968,0.7856429815,0.5248195529,-0.5249082446,0.3927139342,0.5246655941,1.570795178,0,0,0,0,0,0,0,0,0,0,0,0,0,0
0.0008294419968,0.7856429815,0.5248195529,-0.5249082446,0.3927139342,0.5246655941,1.570795178,0,0,0,0,0,0,0,0,0,0,0,0,0,0
0.0008294419968,0.7856429815,0.5248195529,-0.5249082446,0.3927139342,0.5246655941,1.570795178,0,0,0,0,0,0,0,0,0,0,0,0,0,0
0.0008294419968,0.7856429815,0.5248195529,-0.5249082446,0.3927139342,0.5246655941,1.570795178,0,0,0,0,0,0,0,0,0,0,0,0,0,0
0.0008294419968,0.7856429815,0.5248195529,-0.5249082446,0.3927139342,0.5246655941,1.570795178,0,0,0,0,0,0,0,0,0,0,0,0,0,0
0.0008294419968,0.7856429815,0.5248195529,-0.5249082446,0.3927139342,0.5246655941,1.570795178,0,0,0,0,0,0,0,0,0,0,0,0,0,0
0.0008294419968,0.7856429815,0.5248195529,-0.5249082446,0.3927139342,0.5246655941,1.570795178,0,0,0,0,0,0,0,0,0,0,0,0,0,0
0.0008294419968,0.7856429815,0.5248195529,-0.5249082446,0.3927139342,0.5246655941,1.570795178,0,0,0,0,0,0,0,0,0,0,0,0,0,0
0.0008294419968,0.7856429815,0.5248195529,-0.5249082446,0.3927139342,0.5246655941,1.570795178,0,0,0,0,0,0,0,0,0,0,0,0,0,0
0.0008294419968,0.7856429815,0.5248195529,-0.5249082446,0.3927139342,0.5246655941,1.570795178,0,0,0,0,0,0,0,0,0,0,0,0,0,0
0.0008294419968,0.7856429815,0.5248195529,-0.5249082446,0.3927139342,0.5246655941,1.570795178,0,0,0,0,0,0,0,0,0,0,0,0,0,0